symbol	TCGA.D7.A748	TCGA.VQ.A8DU	TCGA.VQ.A8DZ	TCGA.VQ.AA6F	TCGA.VQ.AA6G
PIK3AP1	4.66413876998519	5.5261169767063	3.82597334031895	6.03132302533921	4.38738769519583
EPS8	5.61412953540797	4.61886883225435	4.90953680713768	7.48096868090926	8.53981125360206
NRIP1	6.61101893301245	5.70595432848526	6.08184472040711	5.97489916064778	6.85608295084362
PLBD1	7.95212794407987	4.34894384735312	5.48010881888751	7.28424576468841	8.53467941933636
FOXQ1	2.66208441708894	3.82629166633947	4.46001993575996	4.91696683973236	4.33071950114633
LARP6	6.80880009120302	8.47253114420764	7.80599603805379	4.4287085510012	4.82003740209233
ASPHD1	3.26681016060464	4.61038307426373	4.13321335832892	8.06513514996403	7.31220793127787
CRIM1	3.82153697293983	3.69995829116128	3.89113490673224	4.56929663531328	5.43066170897298
EPSTI1	4.84709042246859	4.74600754363465	3.05573006564184	3.91560897878603	4.22344054351282
MAP1B	8.04441601859807	6.17440184891064	5.87643336147943	7.41697222843131	7.21767383537849
MATN2	3.45908874854499	3.74669637337043	4.49526294870345	5.37310123985778	4.62260531845751
LAPTM4B	8.09740377114871	8.55720278760068	13.5795993072628	7.77990606791406	7.95189726003125
S100A14	4.47222340084935	5.96198368129183	7.49122872724456	2.14300829398893	7.99471678996464
TBC1D2	6.34102253343053	3.7986489575998	4.97539619644836	4.29837652840086	8.00358198806737
CEP15	7.98697312640852	6.13690988254049	8.10240037783551	7.13269988275762	3.94926768572899
MECOM	3.8406665103487	5.00293025746943	4.7221295916555	7.37046575988741	5.92309195349388
EVI2B	6.6894048028056	4.13863142259804	3.91732332217608	5.63368033741386	3.97145187059927
GOLM1	7.31954481908331	6.88597739645965	6.540051420012	6.66290007103857	8.53786193718298
RCSD1	4.15682505765963	2.9733344949486	2.7320463300889	4.24164135077081	2.43751108410299
EXT1	5.99950439926484	5.3859872114793	7.52104132447828	6.47510951333363	7.75420550234161
ACTN1	7.28414817916466	7.21733538676792	7.21008895010409	6.51760690501669	7.11619618238923
MND1	4.93438961754971	8.50619897051864	6.64822357418617	6.22448832581564	5.60269680875933
DENND2D	6.59388534408562	3.57548968982875	4.61124432566143	6.82256974301809	8.01266595935545
RRAS	7.94134596109836	6.64817634418742	8.14550075670198	6.93650634246881	6.92029299524391
MDK	8.26804023794122	7.53147210300351	10.8982435018705	7.55944632130914	7.29110519139156
TM6SF1	5.39362101132701	3.65375693077646	3.51543609108315	2.72613863994943	2.83790391605226
NRN1	3.85169842958311	3.35345140591867	4.56219085271942	4.08151643971537	3.23832420810662
ADA	7.26416777923732	7.73981388939551	6.45495830432035	7.04018314380426	5.09400583086875
WLS	5.13952554821595	4.7900108596651	5.86818806465597	5.75871060359965	5.43125780502018
ME1	5.57026383604268	6.799460902626	8.39212601449213	6.92853658269849	8.97478993384964
F3	9.06572304498416	4.67491378434736	4.38979821166524	7.61228632973977	8.40607724615545
FMNL2	5.98439801280841	7.00346079219542	4.6850577564009	7.50549419220668	6.35585236950522
TRIM22	5.53271993180849	4.38473384555645	2.32589098284938	6.23192915032811	4.76740206977765
MEF2C	5.120530242625	3.83903849727512	3.80681400567314	5.52044978882155	3.50890659149141
PPM1H	3.67918735745329	7.11148289027406	5.26183451227313	7.4298121791457	6.27384799046991
S100A2	6.40806023087937	4.83421482625931	4.79387312578124	8.65877794011795	5.13258179794968
TNFRSF12A	7.79482227798513	5.87197647443183	9.73476120623968	8.25795220322548	8.98223747580536
FZD6	5.83762669616253	6.18557894195068	8.22757578288027	6.16105989749894	6.36119663035179
ESRP2	3.41547483743533	4.49274895138757	7.13084070323072	6.06687201646924	6.8106743921775
S100A6	10.4152722415049	10.0219342907578	11.1996714486121	9.16523430487446	11.5268634680756
ADM	7.78252757234937	4.03095309296004	6.99713755062073	5.76968812126914	9.73089686129089
S100A4	8.17725335185419	9.04584951311735	5.83508322840584	6.44419475230909	4.86489419107901
ADORA2B	5.46628064230143	6.87860400145855	4.8075395480066	4.32488891439592	6.50726134239456
MET	3.59891523831555	3.39443598555951	4.40784336701618	5.86654881700188	6.59482956253011
MEST	6.07974059790953	7.02719279109447	5.73568070193358	4.10444308384861	4.70398153290587
SEMA3A	4.61283491470722	6.74067418737971	3.76438283908516	5.28947716210511	3.50686196192667
S100A13	8.746085054107	8.56142197043281	9.03941279469195	7.61979641274578	8.51866355433597
WWC2	4.67426325674832	4.990761363096	4.5011925111248	5.04782751208351	5.6369240017071
MFAP4	4.09170369711811	4.5710393690384	3.57910175454856	3.75735671628449	3.31163930919963
FAT1	7.03807209157062	6.8884033677498	6.85844871670251	10.5420666119903	10.5053878798143
MEX3A	3.27806407821019	4.28841871466269	5.0942816837927	3.42569754380512	3.32032979590499
EFEMP1	8.65937072412671	4.93796618907605	6.23091541111956	4.74046814822377	3.59886006112325
DYNLL1	6.6099550118983	4.76025976242486	5.27659088250837	5.34769939642242	5.39723591120365
MGMT	5.688036298318	7.1924363180548	5.48061924691698	5.78873344921072	5.05385767821921
SATB1	3.98903993236234	4.71087530810657	4.13587385934903	2.8734999673758	4.40748009107657
MGST1	11.4661591493623	9.25518357230692	9.53127430035637	10.2596300369007	9.65755837878456
HK1	2.40766529753599	5.9124072175123	4.61877263335293	5.9377288345392	6.28846018318482
MGST2	9.68407785870605	8.41372379959069	9.79017911026079	6.0603115341015	7.56297098360074
AEBP1	7.70663511854034	4.78862947091642	4.64030167491685	4.03188290932733	4.16128841995395
YAP1	5.43103612234972	7.93415636816979	7.43809045947362	5.30863337584718	5.75611157875505
SNX7	5.79470468137017	6.6717891039678	5.80694725070514	6.50646846494391	7.95187621897992
OSBPL1A	7.59074356470549	7.08430068969795	6.86995007845452	5.47364341467739	9.27391212553936
MITF	6.27562136330949	3.88961642753884	4.54134317270702	7.0933919012617	6.83820247909038
FES	3.66144554373415	3.45622485318556	4.82967623674392	2.79445200377632	2.54270287635658
MLF1	5.82007376344485	6.23241132600031	5.41387059689593	6.70555394274415	6.66172703415631
AHR	5.87063218316782	5.38362808297429	6.17080088778765	6.60435562665875	7.61765274144497
IFI30	11.8538306618283	8.11674866840114	8.99837078208751	7.35749853175369	8.83609787901554
NLRC5	2.42395087148751	3.58436262576931	3.00221167575906	4.7944283974652	5.23850138468867
CCL3	3.58093680075349	2.57693570206158	2.27655525944513	3.06278711426933	3.2685719237947
BIN2	4.93429820916026	2.44200591225939	2.73602800491738	4.50756507727997	2.4783928503418
BATF3	3.97169514354791	4.12325164080405	3.21841501783362	3.91825013500508	2.80673441489449
ALDH1A1	5.11410783083633	6.65276307404572	6.53958254632475	8.31740100355979	6.57080514963107
FBXO32	8.40651727580766	4.20493310412033	4.45278954134877	6.60174543496722	7.42610034375236
ALDH1A3	6.90067888063712	4.12511597399393	2.9117819301202	4.87383409715952	3.48814144652828
BCAR3	4.47988692537556	3.14810131769644	4.86389003162721	5.99419418676472	7.94304928620111
PRKAG2	5.42235857224265	5.29842954015439	5.34986200531055	5.14682858831038	6.5793688238095
FHL2	8.26865161407753	4.92513942757596	6.54737254252032	9.55166617640265	10.8091744842069
SNX9	6.6198776440581	6.07771000568527	5.43045818603203	6.58732528329002	8.86303751272271
PREX1	4.20087910948649	4.89278324800246	4.53111399895393	4.81284079678286	3.61804203188186
SDC1	6.95622668584397	3.37099192414299	6.39864440957502	7.29957947587823	6.36816754126657
SDC2	6.72854612669186	6.56807346590091	4.10932222839975	3.96678726680904	4.36202126801426
SDC4	5.46133940583129	6.45030833007102	7.73345587865593	8.50878111454293	8.06012788976203
CAP2	4.42274992052976	5.93819087040551	4.40564586647297	4.92521244777337	4.30195602077005
FOXC1	6.61926325769569	4.51250062037855	7.23319892877724	3.37507567126671	5.62744326610044
STEAP1	5.72160052951149	4.91569519463734	4.54106464618312	12.5492641627161	5.60247225602566
RBM38	4.40345974998376	7.64168918691528	7.1012664107145	5.44347157215443	5.08288405154293
BAHCC1	3.8725740753324	5.03278918283586	5.37840828184393	4.76698644562799	3.52911626566823
GULP1	6.69270188392974	4.94608767125398	7.16613806072146	6.43789289778381	6.34177334984423
LRRC8C	5.64326673703927	5.17345973919041	4.5580917287106	5.40524030928511	5.71850301247198
FLI1	4.13985843079943	2.98384027864926	3.30402410910472	4.21318189801245	3.16229439829972
TPST1	6.20299662197166	6.19055781642088	5.58963588993721	6.10317282726523	5.38336277305373
FLNC	5.11012658143471	4.87664911635548	5.88426139262199	4.30214945770058	4.5527131507832
SEMA3C	6.03241576012279	4.23305014635712	3.49478938184715	5.63361637332102	6.2513761898911
LIMA1	8.28390553129196	6.96366673898868	7.99829454851505	9.95381104437464	10.8402203714926
SHROOM3	3.45035027067006	4.37134521220462	4.4510814094739	6.87662956091908	8.00365878583325
ATF5	6.06249258520036	3.97507306018671	5.80608118056303	5.8903991640879	3.38355558326113
ITPRIPL2	5.8904093315581	4.36471213933236	6.50566961185813	7.16627350517622	6.6020100789415
FN1	9.05047405575628	6.71227546846787	4.97865497868866	5.0332232157012	4.61324175017539
PHLDA1	6.35512260114135	5.50684787438348	5.73838374682767	7.14668834059184	7.84585914075475
BATF	5.43646680038308	4.35912802965014	6.57706990672215	3.68654985884842	4.58816181522478
EMB	4.73031197366135	4.82686612933495	2.71985527701252	5.9423927164653	5.44398497536005
GPX8	7.01799754451835	5.59846869565019	4.74658330699924	5.63551911528729	4.9621769198466
SGK1	7.51990600847743	5.90931583787644	6.51911421114294	7.12337918736706	6.88472447006454
VASN	5.51281812038082	4.52142357325097	5.13287547352024	4.69765277673933	4.02466428971189
ANXA2	8.41371649883547	6.7472334043559	9.13397228972899	8.54126308070292	10.8279114338995
FOS	6.51030434588962	3.29807068046652	3.22389521185496	7.19542530275277	6.69498807285202
ANXA3	5.16271104566656	6.27076888200403	6.22490331773225	6.7753149154287	9.85666692211204
ANXA4	7.95516325953976	6.86726966724172	9.41003885833806	10.0234369952975	10.6707381275543
RHOBTB3	7.28405112992658	7.41591891558572	7.74624654206274	4.76468043216078	5.57116352087776
SLC43A1	3.28962521709185	4.28275191331731	6.30242544581978	3.48360993925101	3.34314266331133
ANXA1	10.9692396628699	6.52625540423745	8.68638899719029	8.14695298606647	13.5100946849642
AGR2	4.84954260642083	4.90993023283772	5.81191322217311	6.98666420930262	7.36771926753099
ANXA5	11.9269835043109	11.8260785916995	10.2378280444572	9.35111262736479	11.4283035101066
HTATIP2	5.34710029855779	7.06083495181836	7.37737737273886	8.86292115837865	8.57290239531679
ANXA6	6.59994318962651	6.4955726216794	4.89880678349466	5.57973023143051	4.31711257938227
CCL28	6.66571171010519	5.18499472635143	5.59070503628088	5.96481192081242	5.08452501064765
RUBCNL	2.91249167346918	2.35306978501144	2.51842945017643	3.05588282765472	2.6267831875159
DOCK10	5.98243173233758	3.7207637083902	3.72329305740926	6.16264747495051	3.9197948926582
STAP2	5.18393365038003	4.66322414189305	7.0236330039076	4.14915382335907	5.44558884925247
PRXL2A	7.63925247197687	7.56487145200088	8.38463936621803	6.81814055593706	3.32515205907193
MYO1B	5.17648831385961	8.54695813623052	5.12554442557886	6.59445224037488	7.48957397191879
CCDC80	7.08859555882133	4.65845066354308	4.4451435253476	3.60854306998388	2.64846830111999
ST6GAL1	3.34701413370483	6.70601220712407	4.96087392983084	6.13473308710347	5.01124517535646
TACC2	3.27627597218807	4.61819125706721	4.37927111312219	5.07292281511056	5.98803998960395
TMC4	4.50892256255558	4.04535660416231	5.4286407408591	7.03788635990241	6.34551553799449
SLC43A3	5.65758622246026	4.87672815790281	5.91621605921567	3.61391530657317	4.60942666122042
APP	8.53825348434694	7.83114647730393	8.70702386223896	9.164892744284	10.2980831374605
SHTN1	4.03192915728157	6.16494695024361	4.30872604871372	5.58483233616482	6.0598776881559
SEPSECS	3.89099540968539	2.35363733915913	2.13507137754551	3.27570888478682	2.64284907842586
WDFY4	4.48232530024356	3.32065214752682	2.41768582374079	4.9239975698769	2.91961861117896
HVCN1	4.51073379407454	2.57312764190476	2.60243073520811	4.34960463301574	2.06610111806682
P3H4	4.25708178371268	5.50667492965098	6.49831172740284	6.43042642132864	6.095367378083
ST6GALNAC2	3.38138662249018	1.98677034170624	3.63706384716053	4.3667932601849	3.87292878541333
CARD8	4.38875065790249	4.3483177001	4.07966728396679	5.19736045141364	3.1246530464275
AREG	4.94001899494242	5.64689976062081	1.89780884896949	3.7019387919676	7.1404092621169
CYFIP2	4.28970840381428	5.01181722003894	2.9963126681815	6.81668523980015	2.71136157994669
TSPAN33	5.30977017493972	5.60927519803856	4.94413789725825	6.13670706597298	3.68919359132921
RND3	4.65185349845845	6.4285839322949	6.97067944948228	6.70342007562279	9.54771276025349
ARHGDIB	8.39009138897883	4.54434693839404	6.09281417616991	6.70402209158673	5.87773878265064
LSR	5.7899838074501	4.52295269392691	6.28790476032142	8.09411025578127	7.43738368652802
IGF2BP2	5.20858074645466	9.19196613712162	8.53074706436576	8.54739129207712	8.56536232835415
RGS20	5.07710111781246	5.20538656228118	5.43172617746202	4.87733690953034	4.77811583923059
SH2D4A	5.14982328034631	3.84808638130772	4.84542461744348	5.66860275054527	6.78157114903573
SPINT2	5.84641930936195	5.03030496711374	8.10612919446583	7.73165868244975	8.7583851890658
DKK1	10.3990596218441	4.2958694665415	6.61163341474443	14.329998554227	8.67885034398558
CELF2	4.65559090986319	2.80977540903501	3.01743544545345	5.15416206281152	2.39705263184671
PLPP2	7.08565308387778	5.17286655104367	7.48634719886931	7.22208885372168	6.04333972795317
PTGR1	4.0719335864132	6.45200345076885	7.57825101053252	9.28745973944337	6.77701782000252
PLPP3	5.35163189366187	5.72249127771609	5.11556639630698	7.00972801734601	5.02994424515696
SLC17A9	2.22161697145775	4.52675763234508	5.42491359515435	3.69032362052316	4.58865346633758
GALNT11	4.95684478711203	4.99776561037544	4.708189624789	4.44571224532214	4.19889490966589
TNFSF13B	5.19477249736964	2.64611323940371	3.13023012161742	4.05863626347437	3.15417056968838
ANKRD1	2.84356967016788	4.94097455290565	4.12856110697321	2.98311003089485	2.97320815657707
MAGI1	3.39369944771436	5.98782988354534	5.26873422836553	6.05088849912874	6.61748659867839
ENAH	5.5365086467546	7.16645432815783	5.78035154027379	6.40337258186503	6.15351631936467
ASPH	6.82532797936126	4.85523357784316	6.43383698311763	4.91837503773125	7.62708857528046
PARVA	5.61031771949366	4.5826627846753	4.54222007598824	4.70456422440996	5.53144495195125
GRAMD2B	5.3883924447815	4.57294039440395	4.05762676640071	4.52018488578637	5.88573598853429
SNAI2	9.10555951092093	6.69996787053925	5.89630788299853	5.42621112084228	4.57252177918663
FTH1	11.465859775687	8.5500968920389	11.8402663452779	9.03870314768051	10.057618414933
TIFA	4.0823301325912	5.11610907030321	3.48914422777126	4.9756900739107	4.43073923416599
TSPAN13	5.47100418629966	7.331258428123	9.70484049505255	9.31499564011046	9.42981673877795
MYO1F	4.5776728873074	2.26095107790996	3.03960145499651	3.41407562461253	2.46355027189035
CLEC2D	2.35996146784891	3.03547422869532	2.16389710140573	3.79177538770043	2.70093762475357
CENPV	5.71809847187237	8.32491256862117	7.22985334623545	8.22299332040466	6.98637399848421
RASEF	3.8227056548935	3.33271466519253	5.04422146524505	5.54849038902184	8.69855493343504
DHX32	6.47681684575625	7.7203332219982	6.23958790880247	7.87642808486428	8.72936767835944
TRAF3IP3	3.56910560670531	2.51072071941156	2.51646986501845	4.36953180844193	1.99103308740125
FUCA2	6.76219463722927	6.77786178723535	9.33141018138407	6.96786624538458	7.07426996174014
LIMCH1	5.8293149695271	5.28243741529311	4.54173335625407	4.21515922099937	6.83983034352605
PROSER2	4.62899955727888	6.95224768399362	5.81273391518204	4.99525490437592	6.33928917018767
ATP1B1	7.88738086174054	6.62901200563726	9.01651963027892	10.2316776132524	10.2263535856277
VAMP8	9.60710618786561	7.05836234029852	9.1825161196018	8.59725367168372	9.83615686367231
IFI6	12.4495822578902	10.1312620204843	8.83857656762983	8.70763704788454	8.76567762560617
DCBLD2	7.07874074073745	6.96680339964693	5.84514476849197	3.73838318758761	5.91850165396046
PALLD	8.94494963213479	6.99847465051126	6.31731148612211	5.90481917882087	7.73619347036327
ACSL5	5.20959306569924	3.809745084685	2.76341638732381	6.38758682637807	7.24397027521295
AHNAK2	5.72124671678369	4.25583096279324	5.97595981571459	6.13059717844421	5.57031610192462
MYB	2.23187934606562	4.08255805051611	2.89232273195672	4.21403162508308	4.43325701845246
MYBL1	5.75890814063775	6.35361109659612	6.09008548328002	6.11919660923931	5.36413455310718
CD276	5.56395519246237	4.46125325464806	6.17599649903068	4.76245168428672	5.63429847434207
B3GALNT1	5.72322021398785	6.68894346340453	6.02313717440401	5.41320465412396	5.14771731511671
GIPC1	5.72656971419443	5.04191964814544	6.41622552014876	6.03698013470708	7.24967611742904
MYO1G	3.28973211129136	2.25826017073583	2.57041790824114	4.05147574957416	2.44695362505935
SOX9	4.14704403649873	5.47213354334829	4.99263836276008	6.04224618033137	7.00834440528629
FNBP1	5.6782445286409	5.83607998439714	4.58941372518451	5.962000878171	4.34436951022363
ABCC3	5.0137054994252	3.84009955242219	5.23175820282212	6.53451844646309	6.12537155235805
N4BP2L1	3.71873795403634	4.06094401416985	3.63125554251071	2.97547774569599	3.06712053694351
BCL9L	5.03220088492819	6.41317138614701	6.88383477047903	6.53101751102218	6.73610886465638
PAG1	3.64957112575146	4.9602621598215	6.67486791203107	4.50816924783027	5.93702116009077
PLK2	6.74729437657015	5.77350584375723	5.67965896542899	8.71414624350641	6.6540122827996
POGLUT3	6.78518982710978	6.00819307582986	7.76329824356018	4.98761423845282	6.0696089110028
FAM114A1	6.63490643031018	5.43016689887712	5.263120969894	6.10576050323043	8.2762065353393
SPARC	8.83290693013276	5.60893263320626	4.66271362865467	3.88893113635307	4.63840477602586
MYLK	5.99904081023742	6.59437061654005	5.26051871154341	6.1494044652606	4.70873736069375
GALNT3	4.83840780536845	5.96948309511091	4.91807761285804	7.5050998162395	10.285968116069
EAF2	4.56309649961787	5.99456929324325	4.58043678439808	7.84206082871568	5.42320243304687
MYO1C	4.9915680953614	5.7423837039964	6.98258252957298	5.87187457272922	6.89397588207124
NCKAP1	7.89514444464727	9.62709754108464	9.0475629594447	9.69267033713957	10.8717924202383
IQGAP2	3.7581072974743	2.96468114900096	3.10901870842689	5.27327214434446	5.84074365143536
MYO6	5.70956562468538	6.85355032201309	7.44318179210646	8.66725221836995	8.05463422591409
SPR	5.10917871214913	4.36239121364011	7.10104418327629	6.85290110112568	6.37801992311446
AXL	7.33334006420056	5.73698293863933	4.27228403907576	4.13015009786098	4.08063234100956
ADAM9	8.13424951415878	6.42250945207443	7.55359316082122	8.1227991606246	9.15213166743274
PXDC1	6.31492101744266	4.99760085554954	6.30036582754653	6.04716465955171	5.89445061453688
STARD10	4.75100112700312	8.2548679632279	8.15270887324925	5.78175672522393	7.52995275512304
GAS1	6.19185720062841	3.35907077836168	3.2638295855942	2.53574138906345	2.76848841969914
GAS6	5.45546240242081	5.40154456109839	4.07886147547204	3.24847902412172	4.47412691023981
SUSD3	4.95820094966814	5.50986195592629	3.94382579320128	4.39776130935084	1.68201999451357
GATA6	4.00376865846203	5.37868100221851	5.6886855688116	6.41745252432268	6.16428152679687
C19orf33	7.56161240713027	7.22209195290875	8.24681597332245	6.81580513196426	8.12610282796662
NCF2	5.25195378896567	2.32864769167376	2.85847160865386	2.3228325057506	2.91442099494215
GPRC5C	5.69614996623166	5.0408401731325	6.01738895536208	7.47052665734922	4.5870503225665
CCND1	2.58504023239358	6.39476235680133	7.31265572623584	6.515287848935	6.87789836998314
FAM241B	4.45811222055551	5.36286729263738	6.01151775084003	5.67698997064545	2.73381038809669
NRROS	4.79151762448384	2.90576671014263	3.20561332386409	4.07523610172266	2.20561741498792
SAMSN1	4.43804848567151	2.94513518603977	2.74950372731681	3.98499747948925	2.9817218097612
SIX4	6.52849194365663	6.23349740098932	7.56236389159087	7.98132408727227	6.6276803449203
MBOAT2	5.95751440186303	6.26366211573883	4.80872351066202	5.59089887993161	8.62587477466736
TNFRSF21	6.10676737064309	3.84913011880522	5.87398894134987	8.28673340555996	8.56888424675619
GLCCI1	5.2921687960114	6.3771205246041	6.78783186701408	7.27615395890563	5.51713065890551
ST14	3.91165995340894	4.09090905356422	6.70222887671981	4.58018052651921	6.82036362691294
TMBIM1	5.22827253196337	5.10621105328302	6.76350621193804	7.46376866337189	8.89729026247896
BDNF	4.04020548014711	4.22591839536261	3.90645367249525	5.42031806690224	3.83884105658085
STAT5A	4.10301280717341	3.14170603969514	4.49077288336362	4.7740067336894	4.63018087226702
NMU	6.6052274544566	7.50940223362725	4.99232664058281	3.55314483678409	6.48680084081583
BLM	5.78369488974272	7.71827199356012	7.58634811239123	7.86252499042825	6.76505721324966
XYLT1	3.98425563560344	1.96139070196202	1.90988256518267	3.56842019311159	4.88288039743896
BLVRA	8.96502734570647	8.07278191860242	7.80439596939753	8.4236562749098	7.23787333963721
BLVRB	8.42016209082667	7.46551029110765	8.86799138758403	10.2566419239428	8.56977475577042
TUBB6	8.72023925145023	7.26662924823066	7.54955235826358	8.67096845535515	6.68519468306425
BMP4	5.09778201852396	6.6803425373457	3.86533806584624	5.50273632863862	3.97929015278346
RFTN1	5.28173478166445	4.18970052929992	4.03100460166643	5.06025611906433	4.03861134812893
TSC22D1	5.4025712486237	4.76729938895419	4.98885097286517	5.81339304652116	7.4658047988035
NELL2	2.55023289684484	4.05046245166541	2.57206839659197	3.56764083397164	2.543328811447
ASAP2	5.51175210576144	6.07905827684188	6.6678393163737	7.63992544315334	9.58727066275581
SULF2	5.92558586672192	4.90186618276675	6.8176112691267	4.64407721490235	7.42408675302258
GNG12	6.81655904095282	6.47022456618982	6.21510804847985	6.59147929844221	9.64468062315758
BAIAP2L1	5.08615531986258	4.20159687906126	5.40495820783782	8.3888751213824	8.77284804831716
IER3	7.88243050082691	6.93391100776379	7.73396510317483	7.19989637417299	10.1176228343277
BST2	10.9252462095448	7.25804629709699	5.45280633537478	8.05155093218604	9.24128511194542
NFIB	6.45703267569743	6.37788901628105	6.75834009788153	7.57500545130715	7.73935505264427
KLF5	5.28877978121976	3.82198703301131	8.0860357105565	4.35057644073874	7.66878533257395
SVIL	6.5387820597919	5.79635761298845	5.88396841533814	5.59290383177933	6.5621651126785
NUP210	3.5983802940388	5.38500253433353	4.79357696672836	5.36855054924849	4.80621557322347
PLCL2	3.56143277474445	2.51584299256132	2.71674436759339	4.45369011095246	5.03998952361403
SYK	4.24535563083747	4.01618908536692	3.15027361153944	5.01980587463982	3.9443558206825
TMEM131L	5.7530234873498	6.49647177388445	5.11355501983226	7.30556106705762	5.33057711513625
C1R	6.68484693825029	4.39822639196293	3.98707444744239	5.34048345856939	3.26079293006959
C1S	5.91601631367219	4.31020055441158	3.5491190753737	5.4201294517984	2.71299616334522
SGCE	8.46513591170798	8.80404511595077	10.1385636446423	8.62531042271271	5.68758750412691
GNA11	6.16253249929222	7.04073601839636	8.93939352753325	7.24417951507797	8.46803033732825
C3	8.3947763289072	6.99370672924274	4.8689052830403	5.16542299278185	2.99869052930023
POPDC3	3.64323560115889	6.24068384766077	7.89402555522988	3.5672253282264	3.52646487312424
GNAI1	6.3726341807105	5.93952052034962	4.60200835529606	8.35966271009223	5.1381985064099
MTCL1	5.94578818500449	5.85639499514437	5.11322627946189	10.0615188213354	7.208681299837
CKAP4	7.9942112252634	8.09818269643265	8.780688698547	11.0529466512775	9.70521209051084
TAF4B	2.93322896894464	2.80031523565728	4.63383806647629	4.62318594849322	3.07937609362796
GPC2	3.84627555106074	4.41431698407582	3.99851527857889	3.82642106699348	3.72004683988474
PDGFC	7.49312186841929	5.47246934543941	5.61211487546362	4.88909906208595	4.60783983452739
FERMT2	7.24755051768776	6.72701811525713	5.38656984893698	5.92542285049596	5.15255455058507
GNG7	3.81145661326888	3.06374637359176	3.04306291139491	4.11266031614556	2.88029296828337
RAB32	8.07680832631549	7.61435526011657	7.94115930551274	6.21979007039083	6.90355537021903
ADGRL2	4.61590685087421	5.4913359950356	4.91421020074075	5.93617235911243	4.813592403913
CAMSAP2	5.90406385994658	6.24095784578164	6.36902893488526	6.26943402518556	6.3539144207548
NLRC3	3.00580328688144	3.13687196370806	2.64348921727179	4.40875326991018	2.6205212088121
WWC1	3.99172890268596	4.86041532276727	6.67940238803454	9.64240858187292	8.20299327382468
ADGRA3	5.02874380494246	6.55848442825612	7.04516934038377	5.68326009136621	6.43717257811403
SFN	5.37935649835717	4.5591472277731	5.25248352730192	7.07081090855508	9.53008653750171
DDR1	5.78081666940072	5.54563328434435	6.53888939242398	5.69040360466876	9.26707239558038
TCF7L2	6.40769210173342	4.77778684933887	5.48866025499789	5.77440511685058	5.63230716646645
P4HA2	6.94114546777992	5.86984139248244	7.52986974207955	6.02761580301132	9.56945137580892
RBM11	3.09296341071764	3.80978828427613	3.33109776440887	2.85502096340327	2.63983096233542
RAB31	8.38636599086617	6.10846286002519	5.65336735318311	6.85269018569243	4.91051236021665
TRIM2	5.07780693045807	7.86626030198761	5.71767466151255	5.26340225663905	8.14756466027572
RAB17	3.58450255482074	7.01752210234157	7.29520536887293	5.87721168122803	5.90187131139613
CALD1	7.52059113536885	7.00486575937082	5.20065591168412	4.99905974480939	4.90530438952692
GAS2L3	5.91661206770093	7.31060505253952	6.82150014762244	6.85553886472942	6.99159326328736
NT5E	5.24238713467671	5.91248284153748	5.28089645366628	5.80614721215952	8.75823926524178
CAPN2	8.31680415972748	7.60960489794569	9.01343392103439	8.90995488026035	9.59389466366558
CNTRL	3.99444000889804	6.60774266343383	4.6719417265388	7.29141908817467	6.0348123733974
GPX2	6.56858233111614	5.72946200001541	6.80348737298035	7.96790423529536	4.44354466108752
CASP1	4.40144578179661	4.43938120518483	2.67333974395238	4.03598500330268	4.88680228299375
AKNA	3.43303715075904	3.68145400814541	3.16490285225671	4.97086288169958	4.2546522710221
OAT	8.21190181563859	9.56348554999729	8.2503460407171	7.45786118995946	9.14544481953096
PRSS23	7.33031773701389	6.43927001209243	6.94705948182858	5.70072926336052	5.48302194621694
CAV2	9.0154725383666	7.2789374717103	7.68812681429952	9.22405840266293	7.17240326353934
GPRC5A	5.7040999726806	2.16781361353723	3.88460279196263	7.46563900821451	8.04386332501769
TEAD4	4.64094762962875	5.21654199584965	6.92759112414599	6.30537522721086	6.2121164837205
MAP7	3.48937170433538	4.79301787249366	5.19005933403118	4.91236250982495	6.62255116405618
CBFA2T3	2.93281149303291	2.67201335370182	2.61226048912716	4.01565051394592	2.97506736776317
RUNX3	4.05704075412565	5.90612339755363	4.68158343905008	4.67770618084116	3.04962259889596
PAPSS2	5.47270227974678	5.97400190392132	4.81871735817706	5.3702432621496	6.53009976960299
SERPINH1	8.32114093992862	6.71631284134698	9.83502798465646	6.50383052161477	9.77657124229024
CXCL2	5.37206367278492	6.80435817369538	5.9578009116161	9.50740559114628	7.02486524794467
CXCL1	7.17823655622331	5.07944073706363	5.1570154379597	8.10272331160075	7.58299813939227
NR2F2	7.29839302190313	5.95718317138944	7.191711799717	7.51825748263253	6.6515014866747
CLDN1	3.50838217617965	5.38502845344423	5.23576458636531	7.98619205061557	7.96542116336667
TNFRSF11B	6.2977068936941	6.37139516668181	8.55261272029411	3.62900409704945	5.86173184862722
GSN	7.68400302330935	4.99343082390095	5.39158288612401	6.10826969869557	7.81434089593855
TFPI	7.85950254250162	8.02237889331047	8.39645913211259	6.93633746003205	8.74613466853603
GSTA4	5.70983182989219	8.42887043316637	8.30130981882899	5.79246454291635	5.99627528193344
CCND2	2.64155331619579	1.89983319028545	1.58577332954831	3.61752967816632	1.80225310647056
TGFB1I1	7.18793669485859	5.79917683550019	5.57950875940193	4.60881882647823	5.40923589290358
TGFBI	6.1643915256437	6.89791480130848	5.86063704570727	4.02213041153725	3.3243220472065
TGIF1	6.9033659096941	6.26419452065709	6.60076399568351	7.51959498866406	7.20924213205124
COL18A1	5.53803629204273	6.56337337493704	5.52567933615062	5.57799261859329	5.33620983657059
CORO1A	4.83676729993155	3.18507351187003	4.05574278453372	5.81903202474829	1.83244645935687
THBS1	6.88278817894509	4.32450765195868	4.54324175558506	3.94492978143308	5.00054341584938
CD3D	3.79489799592443	3.08188571355779	2.39636313736058	3.78198228835048	1.56235230166274
SH3PXD2B	6.58946119320222	5.46154442287402	4.72221354180315	3.4949339429451	5.63122343719247
AFAP1	5.71550244937975	4.71188190205399	5.14169078958661	4.0808548247037	5.42093805490463
IFTAP	7.00571989721445	7.51251735387646	8.89381379259847	7.40283417267034	5.053144824457
FSTL1	7.11275498644431	6.53384891340326	5.98609795190598	5.32391304568271	4.95793670321545
CD9	7.18124572521649	8.07870308847244	8.05887708559126	4.3352271173381	9.74424758926004
P2RX5	3.02216516297683	3.00473007214893	4.11643056518742	5.81363273196393	2.88804996516452
SLC16A4	4.90479992768257	3.71322028696816	4.93158896022409	7.12618536662796	7.97153526576106
PDLIM1	7.27724949189089	7.32956662086423	7.83678249564782	7.04244607116194	10.4191457947814
TIMP2	9.34463685103662	7.43610564449471	8.64777583338545	7.49108597175316	9.01790902744852
TJP1	6.19712252501992	6.76966660388178	7.29561362326402	7.06458054509869	8.64635868567243
TLE1	6.02060794679854	6.35256267924302	8.07513164636073	9.01592283217414	8.11329587588008
MAP4K1	2.82236528118582	2.48796163716259	2.61073392700796	4.54316722924119	2.28220476911579
GYPC	7.44210675807978	5.01159715643792	4.54270541023755	5.37719259636695	2.70368407742208
LRP11	5.25323228766698	6.55633803340486	7.76472934334361	5.99346135280733	6.41536117503693
EBP	4.59140655866928	4.554369362555	4.06403715877704	4.22925879134489	6.14562318638481
SCARB2	7.73417051817567	7.78068535659224	7.6275312740895	7.35708667947025	8.3936252495059
ERRFI1	7.84507725301595	6.24654216153787	7.89658857921257	7.63730582292331	11.2159020801314
TSPAN8	4.96968132571018	2.28602342875373	3.17316558993504	7.88379193338798	8.90563436542393
CD44	6.29223249911111	4.29908904210454	11.569857466109	10.9440508173711	4.76173563140522
SERTAD4	4.74925837949266	7.50743268149157	6.29506338132721	5.10781596269265	5.37261513147214
CD48	5.19088676245989	3.06411741797579	2.20112336626596	5.43014003578789	1.44416245103152
CD53	6.5940454467447	2.62316172554673	2.77581451993282	4.50472861035237	2.12696194632089
TSPAN4	6.94713609284588	5.35017115284433	6.90010733640552	5.04990368491889	4.20761962465397
SERPINE1	5.38814579877599	3.77407431821899	3.72328265580361	2.96442907757819	6.44911291920766
CD59	8.77025815214386	7.12436020975292	7.61023697772747	10.0782066219547	9.79641016146664
CD70	5.75792948585172	4.47372261602728	8.07769527465819	4.70601881705884	3.65361469040687
PAM	6.64650882274949	6.80676802397777	6.76268124156438	5.91235215590385	7.60339292094859
CD74	6.66876774276792	3.13281757388706	3.24443515823724	7.62021834105602	4.80370296118596
CD151	7.50932862189858	6.52792213570893	8.34028021388475	7.8026213105967	8.37374446017081
AVPI1	6.26349370724239	4.222890493662	5.40977471351081	5.97580444422084	6.90450147689561
PAWR	4.71329643559711	6.51374244387092	6.65426757920752	7.78916105091502	9.14502412176159
TNF	3.12993361973159	3.38004673016787	3.06111078719376	6.47895434586714	4.30083040967985
TNFAIP3	4.9968871429482	6.25445562873635	4.65374432440516	7.27192277217301	7.49753341200749
AJUBA	4.33704113279633	6.99588923921052	7.80236593913783	7.0037946796721	4.74572995732213
TNNT1	5.59011538914152	5.92259654250408	7.89101860341931	9.39971699546253	5.88094755800599
PCBD1	7.79772379317353	7.27040987208902	7.27526641182529	7.83835220303302	6.86701537362017
ARHGAP45	3.23902651676475	2.51904066298168	4.26420793918139	4.03847240730098	2.26599027544925
CDH1	2.98926649535109	2.47665885104348	6.23577975977551	5.59057926185866	7.46653967976334
CDH2	5.85344466294211	5.0635531800145	5.41258121239322	3.70670098519765	3.80406180513147
CDH3	5.57944669696224	3.75291786885843	5.03411916369749	0.85397204907672	6.89676824460757
PCDH9	4.39923045841256	3.7910321344532	5.37844480755908	3.28928120511795	3.09752764531972
HACD1	5.56236500304518	4.38487020479599	4.17408204575273	4.75049312061408	6.54346546382395
HCLS1	4.51216689647531	2.53354702432158	2.93261174101845	4.18103324354373	2.0227422279792
TPBG	7.0248548395798	7.48056904515521	8.31924587512792	4.61539938305186	9.1204677971187
TPM1	5.99395036608005	4.67647278143439	5.33583517709401	6.84987748611612	5.77164012490388
CDKN2A	3.86360262389086	9.49097179965747	3.07678984307574	7.72624954199263	8.17563650328489
CDS1	4.64826523035555	4.98725671948756	5.87550289443425	5.1696907570647	9.27092396633083
PDE7A	4.33472250267205	4.20036687620005	6.53929314042846	4.92195630672833	4.24648074958905
DHRS3	6.78014214525673	4.08466287865616	4.98715613484844	4.79054396402081	5.14271685965268
HLA-DMA	7.11141279056974	3.06051958369152	4.0815857061361	6.9405416457125	3.63314904881917
TRIP6	5.7335294583447	4.53941367613004	5.83861306252878	8.58740131368426	4.07961741331839
HLA-DPA1	9.16431434202968	3.99673519803472	3.92651915164271	8.0255081431953	4.24496319280006
HLA-DPB1	6.55462353138782	2.97058599309415	3.2785226940556	5.45212703431676	2.5902168326276
HLA-DQB1	5.3520772387967	2.5489180502389	4.14257174278385	4.70909494115531	2.92132272032956
CFL2	6.35254632740157	6.57130954973958	6.91794446936853	6.62033197948293	5.25256060483494
MGLL	4.71334550162133	4.85421357508933	6.28700508587068	7.58711145506999	8.13124504392574
ARHGAP30	3.97366193341147	3.0396519583419	2.90612224397246	4.58821724343159	2.55580312059173
SSBP2	6.8564783805489	6.65061360693465	5.32194405118317	5.10826324192231	7.12194469267581
ATP8B1	3.8515880192328	3.46711715587093	5.97893873042272	6.93982285969637	6.78728848452648
CHI3L2	6.37921242749341	2.27003108019031	4.00258069627783	4.90825195189054	3.29330786351345
KLF4	3.17409560854051	3.43650983842614	4.07093215447564	6.06699593484639	7.55209604197317
SQOR	7.98902575747883	6.4566621699006	7.78442858671071	9.10142278643128	11.4165695696994
TUBB2A	8.40043478210847	6.34241177361094	9.84376119584567	9.31203492318095	9.3568338094924
KRT80	3.29148676968986	4.00878161197703	4.67505231823664	2.47175662258848	4.86160170942947
GCSAM	2.20771064348754	2.60773711721514	2.51776789725953	4.82971065096853	3.98972066476927
CKB	5.4770979842502	6.32240221701525	8.87417845974265	7.41943452058126	5.14898175432494
ZNF462	4.60229822514662	6.10379802637469	5.98526129360265	5.88231936763466	6.80198595359795
SERPINB6	7.68587852909149	4.52953721150832	7.25944635463532	6.33350683071625	8.70444542584134
SERPINE2	5.66135004266946	4.82908651791772	8.08389945283188	5.16618212944735	4.3084985660014
METRN	7.41284712164853	5.01047111323598	8.06113867772733	5.05060376411347	5.73863075803381
HOXD13	3.26692809811979	6.59778049776353	5.67740219286248	3.24031922014279	3.21496710498741
PIK3CG	4.87807042538124	2.6752754087422	3.0322950145104	3.84446473744632	2.9262158037598
AHNAK	5.59942642601515	4.98451303187321	6.43797112131224	7.37135543085825	9.27741145894684
RASSF4	5.45683988985607	4.45025534604338	6.11790703475218	5.06569375913932	6.22764264173091
LPXN	7.42955122189748	4.73160457420236	4.59226651959515	6.61681097456044	4.42664145678387
UGCG	7.67802856547053	6.6594657480329	7.53632286644735	10.6785812938841	9.60396006966343
PVRIG	2.34240509919993	2.49503645928884	2.1310076459264	4.7623537745991	2.83738990625748
ARHGAP29	4.37761274935971	4.08244863331139	4.64466093105631	6.23286721271085	6.03831674151516
CTHRC1	9.08727961944979	5.94347794877249	5.00987732250688	2.49300961784576	3.35752944740747
QPCT	7.40060115704192	3.92876199730708	6.10903410477904	6.38451283967482	5.37924005158512
SLAIN1	4.76321428263914	3.26700915824206	5.96398402988205	3.09634208007486	4.294616621797
BAMBI	7.25227732910206	9.67238243060782	6.65452071164508	6.99197783601862	9.22526409663206
PIMREG	4.84401783897226	8.52333664893049	7.85389083285874	5.39804188222301	6.71136620485729
PLAT	5.97621335207939	4.67404447892873	4.05005437777488	4.1767735214342	3.73190214882592
PLAU	7.04375845693254	2.88056560973734	4.87968124629926	5.08235624508487	5.46466468365213
HES1	6.60597952703452	7.32734342463999	7.59876403281526	5.72236474172213	6.17485083182364
UPP1	5.74205031155316	5.39545541176861	8.87898262195728	5.67737377267114	8.54320121509756
UGT3A2	2.63813317212593	4.56666181339678	4.17926530841579	2.6755235398772	2.72395220357169
PLCG2	5.56547234027846	4.51453951292097	5.35669123553969	6.70332279001355	3.87131031827522
TNFAIP8	5.00874247488151	4.83596974632613	3.63319108242509	6.16713660828459	5.05333462001228
BACE2	8.5769495924956	6.00001129971641	5.33731975442885	6.82425171164092	8.17506799425027
RBM47	4.1639241042879	4.35049184182772	5.70491463055991	6.57914645443881	7.78232330783417
AIM2	3.49008758767232	2.64247006639045	2.97132453072828	5.96671153271595	2.7199235300539
PLOD2	8.00037409949777	7.60674717639932	8.05508118029082	8.09215860341885	8.34023318851255
HSPA1B	7.35600666710142	7.95533739648069	7.7110934869752	8.15527895297533	9.35268455725792
HSPA1A	5.68865146275693	8.49069849995422	9.17516616161727	6.4588936816685	10.8584709460882
MLPH	5.27447212007797	4.02154780195977	4.24837757991477	6.42950626589399	7.39058428301109
HSPA2	3.43940820091004	5.88892338571846	4.49520352881113	5.56699852835509	3.61131048806061
VAV1	5.082762035636	2.7270355433472	3.20826800587193	5.97381961743102	2.72308029658017
CNN3	9.58197321385561	8.45328409458071	7.13402821394696	8.5278099309391	6.49821367075749
APBB1IP	5.55073688445752	3.2096372066941	5.51440511310454	7.30137082859483	3.01190793331892
C16orf54	3.2446677061246	2.56857708452896	2.42788356415914	3.73331573810954	2.36629741214578
COL1A2	7.09078507385756	5.40152066175549	3.02652159211111	1.8940491982286	2.72727999513729
PMP22	7.88931276964591	5.01903913832218	4.39470595423317	4.41818992596725	6.28554615840006
VEGFC	7.08945027878484	5.32814235913654	5.73085683274728	5.4762136583583	5.00452226707207
COL4A1	5.55195168413662	4.87939178534655	5.71848800427052	5.10923663152224	6.08570382408268
COL3A1	7.07829777638747	4.27366179952228	2.84371524665597	2.60900301822355	2.87803152869248
COL4A2	6.17013284616308	5.44890625159197	6.12926201476897	5.84390648601443	6.46047792465159
VIM	11.49416985598	8.65690729075279	8.92200972570104	8.66508287052788	8.17699640364843
FKBP10	5.91886719528018	7.26071445481244	7.30950331119773	8.1993819977036	5.27705728723179
FNDC3B	8.0352061957958	7.16776104502631	7.83091501044967	8.40135410380396	8.63391271922299
COL8A1	7.72908779797679	4.600716976787	4.85681182291997	3.41691508568267	3.99105836150183
S100A16	7.59965521318184	7.27501789163839	10.2050054572999	6.17835536691359	9.86443409379855
RHOD	6.29714228735618	5.77827688403731	9.11993196226636	6.47734396828159	7.33278728816565
WIPF1	4.97709614931074	4.11298849711703	3.18987056949427	4.68901409467606	3.00513999660228
CCDC28B	6.99472644981582	7.18906088458128	6.02014848801087	4.1718163849391	4.52014311815361
LAT2	5.56280139899871	2.54062284373568	3.4340744282063	3.90327562348101	2.8619306981168
ADAMTS1	4.70326064211077	4.69152468629995	5.14784425106103	5.48924324135789	5.73607257159395
TNC	1.54297179127098	4.91797938402222	5.48213628179195	4.02056565757356	4.76843771103455
GDF15	9.60637696174852	3.90658965955956	7.31606470520235	10.2987720591589	7.06453935912529
ICA1	2.74324371481414	4.74813491749527	4.9444430127191	5.21371541482998	5.72343811029404
ICAM2	5.47608867099793	2.71910485938676	4.18622752437215	3.83852631299123	3.11987644754207
BAG3	7.24132617902847	6.33994377896519	6.83879022175484	7.71779845310966	10.816211032928
GMFG	6.28818586516144	2.80072783643994	3.9558611774889	4.56196709738734	2.24850706962467
IRF8	3.49705305988918	2.17460006107415	1.33822647848944	3.7706504307603	4.68517737760163
ID1	9.02431571862269	10.4162009623468	9.56218193603113	9.69016702273541	7.59656200357199
ID2	6.74370105441506	7.51391217985461	6.27744282443001	4.52494786296844	4.64178216013526
ID4	5.27957099916571	4.35352819503139	2.65318697943217	4.98592307165931	2.52123241613346
POU2AF1	2.1859357880378	4.16732703452196	2.90396026955376	7.59431754395786	3.57099617318867
POU3F2	3.22664134903863	3.26467043753409	3.25884673272926	3.24349769608612	3.22664134903863
NPDC1	6.92790064991037	6.31311996956401	7.11117973071305	6.60255680920189	6.31721130600875
WWTR1	6.61535655780199	5.90930984189542	6.1366588874963	8.60771418045621	6.65497108316962
CHST11	6.60889107630187	4.64378994354441	5.6268966652231	4.71755991374499	3.7720299170212
CLDN4	5.0298454265811	4.34673434141582	7.82624181631433	7.40561992944359	8.00174052665012
CPE	6.57263741179772	4.6744790879594	5.4389336124685	3.66782503493424	3.55027185127783
CLDN7	5.09051464717497	4.06298824514253	5.89180810006801	6.0710433978879	6.46498731760106
NIBAN2	7.4881550105624	6.78508360179246	8.79310424548699	8.10827908338096	9.39565306591002
NECTIN3	4.65573529805705	5.16621693396529	4.52897989472629	6.3916263011527	6.4343339348515
PPARG	5.31363899376159	3.70673218966342	6.52596241100655	4.4150119499032	7.13151746618385
GTF2IRD1	5.62722065453518	6.53022374600089	8.50244878253799	6.10487148728056	7.41750377744649
CDCP1	4.91162497876637	3.49541447413758	5.60383012855308	5.88388641968407	8.43930147415516
IFI16	9.82127221577712	8.36637333513704	6.87796531611449	8.5833286428998	8.05942810540387
IFI27	9.69007703563116	6.79550065683778	7.26048266697774	7.58550487275726	7.41275978523722
MOB3A	6.35118694305221	5.48941899544732	5.52869113926686	6.38648567466563	5.0713159048057
YES1	5.71783992691837	7.07117173944149	6.20270768021542	7.36086379384996	8.75320203979982
PPIC	7.23395260038994	5.1348435512386	7.28994410656092	6.3875631348264	8.12608398550108
IFIT1	8.20812862531713	6.60055405549369	5.83842037323705	9.22273590363832	7.28703864993502
CDC42BPB	4.65640931496326	4.66963977557461	5.99150152101471	6.67635906159769	6.82804821818759
CRIP2	6.71175657699931	5.01444662918192	6.44065887566033	4.72540259114893	5.61653296016002
AKAP12	7.07937946386001	4.76276778369952	4.26754759075619	6.16690546210123	5.78711818522424
FAM83H	4.44412260600979	4.44773415580418	7.78195535140143	6.16653144664363	7.31994266497671
ZNF22	5.5628300441644	7.10408728138457	6.48496837176294	6.07822636583754	5.80888361293679
BCL11B	2.74641055204207	2.73745938253653	2.64729127183884	4.16004621007156	3.10315200012202
SPATS2L	7.7730209490885	6.68362941788999	8.31070971458013	8.64685789279626	10.12178690499
IGFBP2	6.13673070784783	7.81281322546323	7.27245643563135	4.17889145594565	5.52479614789533
RASAL3	3.84799969138518	2.53022946023423	3.05051222425587	5.05338350244296	2.35872948070827
PPP3CC	6.08213605955409	5.3387379808313	5.21708176483355	6.01961311998175	5.61208451808548
IGFBP6	7.82121936662101	6.61604468956757	5.69822382679153	5.25984886806124	3.4054544064377
PPP3CA	8.71942986184311	5.91398022034943	7.12390778404031	6.38481938718675	6.99920681810186
CSK	4.42265751906779	4.627619732828	6.84672496946452	5.26116389073169	5.35027837298877
TMEM98	4.97803314567008	5.3628028837549	5.22413820462225	6.01099573829055	3.24650733827396
ARHGEF10	6.64362483192622	8.62333034614186	6.44585830733322	7.59510686030216	5.50212772696212
RHPN2	5.03078115254038	4.97029292822393	5.43383372734483	7.33313568012917	8.11629989863143
SRGN	8.68754623787663	4.38666990454188	4.87934893432702	5.53108160934951	4.57839470602907
PDP1	5.89513295073202	6.71489323435944	7.71155674287785	6.20921010004046	7.52187088422975
DEF6	3.22579385419482	3.37854601272268	4.04012668368539	4.10905916432159	4.4939562262824
FBXO43	3.6348080004705	4.96442774767326	5.79598918569272	4.08437945038974	3.47118195245914
RAB11FIP5	3.88953972958413	4.75301529280225	5.33048374006329	5.58198601242924	6.07221697346861
PRKCB	4.26515836001548	3.17899247332331	2.68571103777503	5.62076500926812	2.70487211583436
CTBP2	5.22279839539287	7.17466645002585	7.77012763914992	7.97110781389043	8.78331830607351
RAI14	5.23005186663807	5.84539986034438	5.31116483956587	6.01096080280638	5.57563444389379
CCN2	7.41142055679138	4.40103482694042	5.2392073434241	5.56263333672699	6.69321760987582
PRKD1	5.71188892545521	4.72324965459356	3.45569414172025	4.58777437818699	3.16136242550115
TANC1	3.89800438798428	4.94344665079878	4.39253042874627	5.91250999567417	6.39231313326101
SLFN11	4.98648028463887	5.74093995437374	4.08709911333397	6.94922743250289	7.25135302255256
CTNNA1	8.52094077776137	8.03850245072709	8.81704757788247	10.0727877848487	11.8956815270766
CTSB	10.7322748083199	7.57862694472803	9.03493419255168	7.8368437348626	8.79070679824077
CTSL	9.95505146223379	6.57605246850994	7.46943177766372	8.21225121606382	6.87424430743995
CTSV	5.87742226179509	4.60499758660199	5.85283948664967	4.30461697753938	7.91254007725711
CTSS	5.00547361907274	2.38729750766315	3.60006626613872	3.92619606461319	6.3008666616196
CTSZ	8.28094754223487	4.97842730104268	8.11530827743979	5.76369312106454	6.70007641098485
PINK1	6.16289655775944	5.53548218431621	6.17603049499012	5.32187982405376	6.82365876660885
CYBA	11.9964128078708	8.27802946064828	10.820302876788	7.94229328996037	9.00049286211498
SRXN1	5.95245719207175	6.15485916021183	10.2037945818322	9.63630885546483	8.60206656413164
LGMN	9.05522870152515	5.52340483378103	7.06087400181345	7.04427778996688	5.37178210036584
TLCD1	6.05279090013351	5.61989787478693	6.95378630829399	7.11567542075854	4.80017192601524
ACAP1	2.65362461151234	2.77691405661801	2.45793501032672	4.74750950008161	2.015303097843
HTRA1	8.23222052104954	4.84500266197562	4.69286533357874	4.93252388540103	4.35322291907107
INHBB	4.48430282478705	6.9987333354912	4.95502822898607	5.14326213139718	3.13089604256379
RASSF2	3.94741190838653	3.07937247790153	2.96942763807851	3.4366039433477	2.90990844030384
GIMAP2	5.40328522507221	4.3170901370905	3.15126001964379	4.96388086161916	5.22389110265204
SYTL2	4.44065993529646	6.06353748976716	3.52969153416772	5.05927400706531	7.95219832828277
TCIM	4.78836917735649	2.67342497342365	2.55728331111624	3.68456993327594	6.33777388604771
DAB2	7.24883724118647	4.81523252867359	4.97198723133108	4.00740900349491	5.42176908037569
PSMB9	7.23039954914724	8.07438853127776	6.1360474599496	7.08512290247544	6.20799380176225
CD55	9.89575260472616	5.73887181950112	6.18025802894169	10.078476075642	10.5905180370687
ITGA6	5.05617810108141	4.28690538323159	5.55375005941349	7.45048105188646	8.95965751058397
THAP10	5.53200152808774	5.87035246351676	6.86833728307606	5.61264387039696	5.70052952617964
PTPN22	3.95213084324721	3.1086687802153	2.98828266382937	4.2524826550174	2.97660425360184
FJX1	4.84442423738995	4.22934322146992	5.36157520769864	5.83994763217399	4.02449935972507
ARMH1	2.98376629035577	3.92492893267904	2.87503773484454	3.60663569901494	3.43462300825941
TUBB2B	3.97858753439522	5.57796991097947	5.80671237359822	5.13902538670406	3.94789390635995
SERINC2	7.52194972994978	4.09166923195909	7.13696825604283	4.4907879804107	6.65610457550402
ITGA2	5.57611353133017	4.44262145263746	4.52320473547775	8.21306417661356	9.39732674710788
ITGA4	4.02029326417019	3.43013110454308	2.95688094054902	4.32496357484936	3.20658438257403
ITGAL	3.43973171214506	2.47469114121494	2.53273122961311	4.51922169897465	2.27780516619411
SOWAHC	4.59375015546799	6.48374066465062	6.21260549907982	8.20497083203757	8.16007839927242
JAKMIP2	3.02544195166117	6.51114215438185	2.8482844492076	3.09364802449481	2.97658905271142
STAG1	5.68590312514425	6.76914162718734	8.18782496223864	6.22782687931474	6.38123677212502
ITGB2	6.23838661153883	2.20277235518196	2.77886640598313	3.74496925324623	2.74471837614179
ITGB1	8.67131494499114	7.91164953936901	8.41751795740636	7.75633278683707	9.26074794618405
PTGFRN	5.2541227157503	4.68727552064438	4.75545877717182	5.69378646375307	6.35314597497331
ITGB5	7.66261102657961	6.3547856227724	7.16263298764449	7.56672992079956	7.50590210346277
AKR1C2	5.6367307378816	3.05676929340748	5.73626776395399	9.41285208270482	5.00264058176214
AKR1C1	5.33216775275922	5.29947618168888	4.82158417164012	10.7347661351599	5.61322678848179
PXK	4.15334230918976	3.10265995890985	3.09357615369206	4.3596026881119	4.47050030589893
PTK2	5.16171094202074	4.95585944180055	6.42706164888704	4.92046380285916	6.33978819355817
ITPR1	4.57282740540682	4.26724604642921	3.46080270086009	5.51225237645818	4.05555498865882
LAPTM5	7.90076927735509	2.64129868330298	3.15920733368742	4.33568033364584	2.43186673649954
TWF1	6.41466913441422	6.19965032943793	5.88067485430678	7.28810424755062	8.50110699747079
PPP1R26	4.36622691748916	2.71429892735521	6.35405329409498	7.22714617808801	7.08501650645963
TBC1D10C	3.63328221041529	2.71633748436363	2.49899368530742	4.71528307314336	1.83642140925564
PTN	3.05454392858496	5.84985536525906	2.59935657557697	4.52927519552108	3.80460180657184
JUN	5.98590248451506	5.8742242181381	6.25925982980177	6.16389650203434	7.84038130446821
JUP	6.03603502086657	7.22495628297606	7.75709073535261	9.25240907274576	9.03942729018405
PTPN6	4.66199670857123	3.76231004175559	4.48091180693318	5.69857635193569	4.05321846831879
PTPN7	3.78916712611036	2.97782922817865	2.81561880534861	4.20390042535892	2.57771800464511
FAM117A	4.48012163407018	4.27976636017974	4.94441571770898	5.95885259542502	3.46517372336881
DUSP23	8.28840713731946	7.0774739904254	9.1012213274076	5.96628991921446	5.53747097681807
PTPRC	4.93388164113675	3.2868784913502	2.66240820210519	4.78435892287419	2.64362940958475
PXDN	7.80490807986981	7.0044258484893	5.64979130251924	5.51746672635606	6.82677751982841
PTPRF	3.99084832192565	6.60738626932108	6.70517941539401	8.10586783148331	9.01184818774388
PTPRK	5.52890688612169	6.83413661940321	6.85615533372052	7.81575354141699	9.38482359049131
PTPRM	5.88687472805498	5.08472207774271	5.17962386231296	7.34423861924254	6.02886257976204
CXCR4	7.50489998613277	3.5803195399425	4.86689916316453	4.89347351849192	3.69285449410289
NFE2L2	7.50426766227816	7.26641985828241	8.00776634503831	5.81069497263713	7.20391918869773
MEN1	5.08079221490312	2.91138629821508	2.86339170591542	4.78195729204793	2.97883357663984
RABGAP1L	5.05942666650803	6.04630262631179	5.23491592826447	6.20305539816661	6.60537389022293
NECTIN2	6.33726516110901	5.89458472602593	6.70155320561067	8.23498749486478	7.70844136455019
NQO1	8.70339456467751	9.80550642026234	10.0081416990926	10.5398527538305	12.3886542417386
NAV2	3.89815704245909	5.53992784546498	2.80535847013487	5.17853123817916	3.81807456907124
PYGL	10.0466893571282	7.76540145758818	8.78594751538077	6.86131909771579	4.75745063833566
TESC	5.37125525667692	4.20180225684623	7.29074008017142	6.98233096960589	6.60871900657272
ST8SIA4	4.21138791590916	2.84257723861137	3.21407427216074	3.97379974275824	2.94438384475206
HS3ST4	2.81545313755765	2.81545313755765	2.83478105199447	2.81545313755765	2.81545313755765
CORO7	4.68983817334923	2.52247728550753	4.56420788823614	5.01747061461915	4.83001754281587
KLK1	2.28010623524095	4.55862329782082	2.99655407607052	2.29615982362	4.83577573210762
ALDH5A1	4.43125414189333	4.95537539188459	5.88834054394661	5.02384021775331	2.88186540783203
RAB13	9.40428556327948	11.1148698780889	9.18146561645603	9.42247511135719	8.70271907676232
HSPB8	4.62946143615007	3.65735888966708	4.45858982494397	3.56441515204138	3.39367647815124
FERMT3	4.64686436265965	2.56302164598178	2.87581999802626	3.87949402238095	2.02238928969254
MOCOS	4.44673436573525	3.46932850385727	7.23064984487503	7.05486510924743	8.91369162249257
AMIGO2	5.92690684286083	5.18426509397966	7.0269917646317	4.70791435276899	4.13287640734647
FGFBP1	2.94118756085022	3.37405655757041	5.97719912014771	3.64664923511016	7.64552369313187
DOCK2	4.54769104832562	2.74373670517226	2.39554311446979	4.24845592451599	2.54517414727081
RNASEH2B	6.05009653618886	6.83679695384124	8.31072678005731	6.19979224678555	6.28026890939063
RAG1	3.20370875373831	5.96514811169462	4.28212680308697	3.34896142581439	3.05651915395584
KRT7	8.34624250254489	6.61459212271073	7.72034714073798	5.60658105938042	9.42569472531589
KRT8	6.17003124071461	3.89766156100763	9.25475855198947	8.61061475894842	11.2687060016951
WIPI1	6.72679629720825	6.44129657529601	6.58337696254	7.45010925966743	7.4857910708471
RAB25	5.53425313075631	5.17968065641965	6.68925922412547	5.34803727415693	6.05312890225767
KRT15	4.99887886814263	7.13238585500332	6.33836716384259	5.39950798201949	6.50521301701972
ARID3A	4.59006935843545	7.76292374309729	7.637689236852	5.03492697531907	4.42097596271309
RILPL2	6.30608360686461	5.2942610361843	6.27479998288202	6.50341332106407	6.16735874549739
KRT18	6.93039467373852	6.6755220833993	11.756971309215	10.7108416793394	11.9183236188175
TMEM45A	7.40084144807393	6.84703860634291	5.33331064312675	3.9184773143269	4.17948119457253
DSG2	6.41212865578281	4.56562596893567	8.80083181621209	6.44426901822647	10.078897417268
UACA	5.66535294797091	5.66103390957727	5.42118182263362	5.65363212492129	7.17274133755425
KRT19	8.2381636049763	5.89701829849355	9.97725131324148	9.80620367542819	12.7282655203792
DSPP	3.36807056869722	3.82807976059877	7.17949099874286	6.29304172054121	8.67090746692224
BEND5	4.01925091533336	4.05891950071878	3.35986167446328	3.7650128611989	2.82235540957257
KRT81	4.44771667971552	5.93491092532875	6.22992227969566	4.32379721757192	4.67773246237733
ARHGEF5	2.78599502982436	4.05864755261588	5.56637392786581	4.62265624001053	6.03580561087303
TMEM51	7.68882026420076	7.7702790799911	6.72199077317148	7.18087753240924	6.81509054053135
DUSP2	2.34981434642212	4.264606290635	2.07567384192848	3.99084861253745	7.40250292376535
DUSP4	6.6355199195519	4.75806949774155	8.4759957915266	7.02487524829141	9.51699145789737
TUSC3	6.12597929174214	5.5994982853432	9.18115096670971	4.88687292769042	4.37898314078095
TOM1L1	5.03295151606055	5.71190084413035	5.4235240435095	7.59881881710468	8.17253156637309
CHAT	3.97863974705447	2.89878283395438	3.99008302923792	4.35765721282185	3.05612583223105
AP1M2	3.24476769456627	4.35601677074673	5.43957126826527	4.52716312326515	6.58554351741353
LAMA3	5.95098429632601	2.26338018014198	5.87568467347588	6.87105044321292	8.18682540264335
LAMB1	4.57029298795839	4.03936898410376	4.25314905468076	5.03901183258425	4.98069487525833
LAMB2	5.09747786614913	4.31739738682324	5.40143087061815	5.76173580613486	6.37934534399614
LAMC1	6.94762210887312	7.75135712542211	9.00846199990244	7.77753404528289	7.3756444723123
E2F2	2.39648528307202	5.10407896214636	4.19822517469305	4.24139112451174	4.22835329237852
LAMC2	5.53080618463081	2.59998089656156	5.13018903870788	6.02490064072903	7.27039209144853
ATP9A	3.41324151091699	4.19823377939696	4.07377731724379	4.98453627262586	5.2664841110032
LPL	6.91638137201558	5.18086104800507	6.69235012010865	6.32580978686959	3.31287782955398
IGFLR1	5.12849802671493	3.58607401796856	3.77500523638539	4.5177973005402	2.56437428135811
NUPR1	10.1544234979446	6.3401308662457	5.62499208068652	4.06847474270753	2.62909434106634
EDN1	4.4591093627741	1.0217869004268	4.45983330327254	6.52306713216309	3.7896896171628
RGS16	4.63681723161897	2.51983173089953	4.16020479338362	3.39695841574394	3.09044735777136
LGALS3	9.63242186154832	7.34885964458426	10.690907316013	9.72811590039652	11.7224684228006
LGALS3BP	9.17414326816679	5.98017566859403	7.82009927506268	9.60845330556356	8.22757525418635
FOSL1	4.27795891699325	2.50730456840562	5.81910144395922	4.68628254534926	6.49214666991159
CLIP4	5.36232153447884	5.0995348359099	5.08163062540078	5.84870854349344	4.09775320401359
PLEK2	4.40056060888557	4.41578953295536	6.41860611531617	5.3352115481953	5.45079157546457
MYOF	8.20968731533709	5.40530968958357	6.0515875865369	10.5314594517991	11.191666075972
NTN4	5.74279438265921	3.56370336994685	5.09782669607351	6.65463481832321	5.67720253568358
EFNA1	4.18121431300058	5.97350753574113	7.31924890753973	3.88919694003184	6.42590595346998
RAB34	7.01152368369351	8.59599454798806	9.31696041531541	9.34687113101237	7.08962816067623
LMNA	5.85340122537808	6.52040814425717	8.28816576485074	6.93694309978074	9.28032054211053
MICALL2	4.58069726151007	5.1538195535307	7.45438806180602	6.29335614082174	8.65580576563616
FRMD6	6.12999291320354	5.05323979824824	3.78368072927597	4.75824997532739	3.94520307073664
LMO2	4.48132245038846	3.58385296154687	4.77939282501239	5.25020520058169	3.58135162655652
EGR1	6.42056492303857	5.38825218161329	5.15357693987757	7.72549739420223	7.7272392199362
AASS	3.7498358412469	4.3961047422227	3.5416181879725	3.93125561444575	5.0949188302698
LOX	6.70533232615805	5.60539637762665	4.31875973341626	2.72333611791898	2.80196675284708
FARP1	4.97796339637077	5.2236724686026	6.91675311434514	5.44235194371524	6.48124609327491
EPHA2	4.34087426638005	2.84838658770366	6.05427739064415	6.20009567750408	7.81779657092522
LOXL1	8.26443256330702	6.25834157653415	4.06653216203273	5.78747565969308	3.46403529339849
KRTCAP3	3.39180088678778	3.44359279951747	5.64107330639309	3.80698681510022	4.32943171430984
PNMA8A	4.65786592377311	7.41473870289261	2.89348120660047	3.1691329349085	2.69490148999314
IRAG2	4.26405519955677	2.36402141257585	2.74912338104759	5.96381764423064	2.4583951169228
SERPINB1	8.23509793954649	4.89702022618989	7.64332920077739	8.28758691632559	9.28062473655399
PLEKHA1	5.66581240281946	7.82474979294301	5.85954695730495	7.58507814817316	8.4055075728266
ELF1	5.2995977254673	5.94137843162917	6.78987345321311	6.20150144620696	7.07312318892345
ELF3	3.95251257536812	5.08534545304882	5.2940478554523	5.17866487875346	7.29724867987481
LTBR	5.64061884626139	4.99294856056241	6.10279077771015	6.30109259561485	7.02814532611317
EMP1	5.75148455138877	3.76704149997229	4.88166280335437	4.83699613736633	7.48756922954244
LUM	7.52607490298164	4.45361205628834	3.77273141903796	2.54783336496135	2.61757880776458
EMP2	4.40913837997109	3.0735199492908	3.36202020969769	3.90023309381651	5.78178899536787
HYI	5.11185714875884	6.27578345131041	4.3862244934485	4.49163702202988	4.386896806168
LY75	4.12602202250875	4.72771516187315	5.03338152115646	4.4719363392732	7.28819411275363
LYL1	5.70673298176692	3.69769125723536	4.77762160879085	4.98277528100939	2.78864708233983
CTTN	4.71245111803486	6.45733002096275	7.51708608775899	6.86583389088842	8.03084851630333
LYN	7.35801413699383	4.92099943007514	5.69478855028247	6.2700115210076	8.40093245470971
TACSTD2	7.92485096422318	5.1930493005816	6.53092733315784	5.55939685752727	8.45424782895626
TM4SF1	8.97781032379794	6.5716952937075	7.602948155377	11.1068844195023	10.3164767407263
EPCAM	4.74521636587629	4.74524874527005	7.63035898018964	6.70142784423531	9.46335416503128
PLEKHO1	6.3738084589334	5.16980139289506	4.92815467278849	5.56526098375745	4.53494837055392
LEF1	5.4127218501162	5.29928057088484	2.73864892430175	3.6830165158892	3.4881315483208
CTDSPL	4.66659324158507	6.82847693283314	5.58779735893316	6.20466308632757	6.15820914189475
MARCKS	8.38171222429821	7.113683558899	7.29106555147151	6.61661436676276	8.17393652785076
PHLDB2	5.2974401528668	4.91938424282276	4.36025178115455	5.45982980885424	5.3805728874548
