symbol	TCGA.D8.A3Z6.01A	TCGA.EW.A1OY.01A	TCGA.EW.A1P3.01A	TCGA.EW.A2FR.01A	TCGA.GM.A2DA.01A
NLRP11	3.80316760062552	3.80316760062552	3.88472136634996	3.80316760062552	3.80316760062552
PIK3AP1	3.78544310954484	4.19041501522843	3.61729209524888	5.45935638115657	4.3003908522697
EPS8	5.50586803643544	5.44917730266032	4.92601401886815	6.15562129802875	5.85346797897698
NRIP1	7.57366108895536	6.50544371055411	6.60505369465414	7.04831976226388	6.2133269294329
SPRY2	4.74786149867915	3.77892008950778	5.24447226116197	5.94054690330033	5.4586388745635
PLBD1	2.65021870243747	3.05259587043237	5.77454796898856	6.53771740793755	5.82015927766765
FOXQ1	3.430156197596	2.4951811193836	3.13882938311784	3.52640076787949	3.42855788498636
LARP6	3.81875420985913	4.59008885122353	3.90840705017459	5.29587226032142	4.22706093619051
CYBRD1	6.14211388655195	5.33022123034193	6.14886034641313	6.37531320146193	6.14882875366983
MAP1B	6.94315738718538	6.16251457626186	7.22740828050575	9.39353136176956	6.56062715954639
MATN2	3.76235508196834	3.99554329615473	3.60792122851673	3.23170780374979	4.00487383788778
MB	5.08589439580403	5.27117086364954	4.36391993724071	5.05389364535257	3.36733891253479
LAPTM4B	6.80765802435337	13.2585249459579	7.07606470001254	6.46147335179443	6.38412193102057
S100A14	4.87163041948732	4.57624016670237	6.70954553025113	6.98023805245933	4.07145860619159
ACTA2	7.10752292387094	5.87818428192467	7.45513804320168	9.4224530391371	6.95552724005724
TBC1D2	7.33014895284424	3.99437648797215	3.99739828261277	6.76619719269207	4.71654391134488
CEP15	7.78991606554901	7.70125383807318	8.79192995456559	8.38615598547818	7.74276115784654
MECOM	5.00769048094291	3.92848909737088	4.54039467520632	5.00602883777805	4.71386186249606
EVI2B	3.67649911054381	4.20389478107067	4.85320239787588	5.75816062114161	6.26029351736175
C1RL	6.16720449575645	4.98365442201852	6.08313848385111	6.38762019695932	4.52813682368802
GOLM1	8.27501831545985	8.29160093594441	4.83459538831441	8.05470083963876	8.31033052122754
RCSD1	3.49321750342875	2.98217988975011	3.26224356846248	4.58364521330834	4.45108200928947
EXT1	6.86109252276599	6.16496797965253	4.51642558833957	7.66561374948758	5.19188432582926
ACTN1	7.54479973267835	6.1575154461095	6.4800868872309	8.94368395649207	6.2828259311348
MND1	5.31487119865109	8.09909939983658	6.15525861187705	7.10018078398449	6.68248014937741
RRAS	6.39623868846099	3.95579778925257	7.30454250021362	5.39967637722842	6.57626726906032
MDK	7.07399470210303	6.24334299325805	7.58229455382803	9.26209279715782	6.09682627110287
WLS	5.91413517436775	6.68669694579498	5.93674014574119	5.83882726773316	5.81605186070913
ADA	6.76140905516537	7.01016018309732	5.6851623302249	7.4375779931516	6.48744876492047
ME1	5.69711524619136	5.44746579421231	4.64325011428155	5.31153292911724	6.60268459896142
F3	4.06538305709718	2.6432213944012	4.05265414343496	4.169085665458	5.21430002981253
TRIM22	4.77117086447656	3.1370121071518	3.61222060290238	5.65307215074289	4.80357699777441
PPM1H	7.9107763336582	7.3278448572007	5.55662006392714	4.91274600422318	3.42621734498155
S100A2	5.68674631852708	3.30707244214642	4.80234907996414	4.86210330733224	4.33302356314417
TNFRSF12A	7.61040515345004	4.64527391279425	8.57654667575891	8.91609336820207	7.24496633048134
FZD6	3.58814490787007	7.88342550995048	3.79621733133193	6.19122306314194	5.49188421699855
ESRP2	4.30692967586645	5.46193087871023	4.317809533815	5.67624138383674	3.87283106646733
ADM	4.97684465239134	4.03729231175611	4.33075845546552	5.06312117221214	4.24351701531386
S100A6	6.88650360187175	6.61499972944238	9.43646790338653	10.4545858567912	8.45529621650733
GLMP	6.16415587754802	5.82987501943	5.75976519735347	6.27021035578245	4.325243080307
ADORA2B	5.88892241683614	5.20293331579224	4.51296976245719	3.37046537731785	3.22310919244213
S100A10	5.62608932185675	5.7297243260338	6.9457300676749	8.14609731473557	7.30166267881459
MEST	5.48495763256078	6.70973542653204	6.45219288851632	5.36069292749458	4.58103342726845
S100A7	2.10736556187848	2.19218496326533	5.48174383668246	3.89338411180744	2.10736556187848
S100A13	8.59820214050876	8.27657260887336	10.6828794650176	9.11835368995345	6.29362217438364
FAP	4.70666315398764	3.0772444860675	4.36521874945756	7.61731351306365	5.97087517244801
SAA1	2.96659516357342	2.18124772081134	3.80768249332018	2.64101627581979	4.7473762919757
MFNG	4.13373378141472	3.29653151211829	3.86248236048522	4.37627858411084	5.81490594182992
FAT1	6.09179810630231	3.68985217511413	8.00248869800936	9.27808453960689	5.82769067674512
SYCP2	5.17725201514511	3.49270339009578	5.95525136902776	5.26300344471796	5.60669645291422
FAT2	3.90328945644004	2.61739253261861	2.83665874037783	2.6228904525639	2.79525326634132
EFEMP1	2.97660318309887	7.21955989976879	4.7259849392874	6.65803010662647	4.12489040797476
CAMK2N1	6.21201128419894	6.13725328054752	6.03652321363865	6.98762170906636	6.94023928613051
ADRB2	3.14516976408358	2.88129593260221	3.8917357003913	3.34000108419707	4.46967321348378
MYL9	4.7594264039023	4.65413179552751	4.89952211639257	6.37687761682045	5.23705011887121
HOOK1	5.13957527630369	6.22448701845169	5.29107695547923	2.66611600311265	4.99847338307335
MGST1	7.98071534393955	8.54953396301509	8.53024021451429	8.52581996903927	3.89527732601388
AEBP1	7.68792499771725	6.08962844818181	6.6571033952566	9.39957225406258	7.90712962919536
BASP1	8.67810056309794	5.71772597279056	6.26394314434831	9.48013892050845	8.03915102750651
IFITM3	5.20647355161256	10.110356628017	8.34497372714995	6.90134024960412	7.71494334537747
YAP1	6.14680728051909	3.87007687727367	5.28600986446485	6.82224958029658	5.16885485103885
SERPINB3	2.54327648280811	2.54327648280811	2.54327648280811	2.54327648280811	2.54327648280811
SNX7	3.79142659019573	5.77456326314131	4.39401254232039	7.49522340192021	3.57635016163466
MID1	3.55144527438237	4.90375030578331	3.96546338593829	3.49392353716495	3.58230110019157
OSBPL1A	6.11528053750703	4.54124155233186	8.04284811095281	6.2111032590948	7.54891544579768
MLF1	4.28264254599154	6.43562495223748	6.06166357656959	6.58223398932658	5.21333087613573
AHR	6.84693929068992	4.75707888038835	4.7729354416865	5.66265778676246	5.36084490697492
AK4	5.00066162370527	7.42718751140961	4.93932432581094	6.82694086970722	4.28434797042594
BIN2	2.94898916533775	2.77232018473148	3.63631486203897	4.37535282417668	5.08016930097411
SRPX	3.83472014268926	3.88802188525729	5.71228927680076	8.01396583691063	6.7473654041375
MMP1	1.99975441536328	2.7489012602234	2.26610220050737	6.4866170551004	1.79762749989505
GPNMB	4.13590246464255	3.63693778823381	3.630065484694	6.88921061446052	4.72798210036878
ALDH1A1	4.35914110504022	2.60233986275605	4.66151927440558	5.20472365341137	6.02002921800472
FBXO32	4.82700683057428	6.91374115867702	4.36114939974186	5.40713563505096	5.04114085465519
ALDH1A3	4.03884539851247	2.17690239913081	4.38932306132801	5.81366173957811	3.5072172477618
BCAR3	4.07346871630065	4.37470164473083	4.88215913662573	6.29108055340291	4.48999446143675
MMP7	4.68053278025128	4.14619092098409	3.76270688920666	3.53234648455553	4.12446092358039
ZCCHC7	7.15768611950382	6.84698082768562	6.98938716779772	7.6127910218439	8.95349286168387
ALDH3A2	6.72591227469032	8.49317084293744	7.18118447553891	4.98458737632185	5.02712759623304
MMP10	4.01962777814224	2.64125238002175	4.38745581308789	4.1574779195466	3.21768797984107
FHL2	5.94135778028954	7.85697524991711	8.63467346092057	6.77084271759035	4.51778043908894
MMP14	6.22289321078697	5.11659615630696	4.35250408416848	9.30546759355104	4.71005061990853
PRKAG2	5.19659112327011	5.71097976349453	5.97723263111202	5.72491042150809	5.11460413436853
SNX9	6.3054464349785	7.3847954725715	6.162649987799	7.92757085204193	7.36870532277236
SDC1	6.07572186654215	4.51126910256954	5.50251308759934	8.13921713910107	3.95852770459917
SDC4	6.348872904513	7.69422857076653	4.98272798583681	5.50420033636737	5.22150753919379
CAP2	5.81322842644764	5.14754418736174	5.93194347659093	4.93112760836989	5.75100114354228
FOXF2	4.73600373720686	2.2293807941757	4.33989231372676	5.41863744158997	4.35196678705012
STEAP1	8.45848672544991	5.68663585510213	6.73803598653541	7.33979453505877	3.45865603333229
FOXC1	4.05244370814202	2.85320043797101	4.12068490814595	4.61577166247067	4.36138308772115
GULP1	4.65144248138004	2.96630790378764	4.18674168238486	7.54617396206285	6.10265920765924
MUC20	4.61265457266797	2.90068425961021	4.29627082537688	3.29546263616658	3.71869486572005
SELL	2.26520298916809	3.07157725104835	4.47580098290967	2.62663310709875	3.74056848092659
FLI1	3.62581137453089	3.08078911373562	4.16645573555239	4.96713794647663	5.19032514174539
EVL	8.402930928512	6.00889842402405	7.03310359641751	5.22617979306849	7.77871943112202
NID2	5.02881280431681	3.06878788557412	4.43158209262399	7.21687468149225	4.88117894058291
FLNB	7.09861651032164	8.30683163758115	7.30237389142749	6.48699533681006	6.24370068652315
SELENOP	5.42285778056923	5.57298002077041	4.13950376773486	4.78200691542363	5.78185832757271
SELENOW	7.09134219829594	7.31740074835141	7.39821206552931	6.44164216626871	6.4266866512352
LIMA1	8.68193216400255	7.13698669689409	7.86288471617195	9.30596352880064	7.8959577301205
SHROOM3	5.73446396881949	5.48176103596389	4.59433939185896	4.4098334725123	3.97777951415436
ASRGL1	4.61315311978945	4.26735119643773	3.8882293320045	6.76973789844651	7.23243433927869
ITPRIPL2	5.68796598458676	7.42929748532142	5.74766255169651	8.07716793564068	4.62072372365969
ATF5	6.14954745709255	6.37245108031011	6.33498633779505	5.95727977062966	6.54617248517582
ANGPT1	2.70884709040835	2.52172171085818	2.82076900230889	4.22230775776142	3.13378979151315
FN1	6.77247442213947	6.53045604804878	5.99265186450576	11.231895473813	6.43344134962518
ANK3	5.93246632990303	4.39392411977439	6.21260794142814	5.07718494815562	5.43117983117784
ARHGAP23	5.42412691009196	4.49806409545479	5.53338207759965	6.55603770281482	5.20538253149987
PHLDA1	5.27026592255448	5.36570048031331	6.69249600045144	6.74009600401491	4.79101339920564
EMB	4.63083386217834	2.9655521757824	4.82869538066926	6.39250826340986	4.92426032217473
ANXA1	5.62458486877677	4.61902012487174	6.34849830337837	9.5253115365953	7.90328021997083
GPX8	5.56618636893248	3.22954051996603	5.42529647190471	7.80514997524798	5.12401288307294
ANXA2	8.19971400981415	6.46427850515777	6.88988613800424	8.20305931527183	6.89101888643616
SGK1	4.57301645759072	3.67015720191794	6.0165366321649	6.2778670395632	6.08598571821353
FOS	5.3000268165859	4.79987567831746	8.46147856067886	6.75160449991033	7.03948572589564
ANXA3	3.67349701635337	1.2276015558178	3.97658598427523	6.87157661459641	3.51973414745736
DDX60	5.8331848100197	6.40735012513411	5.90116209230694	5.20430238404578	4.66044210885014
RHOBTB3	7.82494720014084	6.64021787429331	5.6292211795398	8.15127570883755	7.7454286849872
ANXA4	7.02106275048312	5.74209664214567	6.59965555171357	9.152697341909	6.911246377877
TENT5A	4.59123784682983	3.92991167447081	4.26957677310421	6.09220642807342	4.45411263559704
AGR2	6.25343984993787	6.41279545585398	7.47223653790759	5.69049992698364	5.4672362051984
RUBCNL	3.16329977310129	2.28000174603472	2.80332678678662	5.37879637007005	3.57411121858079
HTATIP2	4.91223733314824	6.05816978670317	6.27584536314675	6.24466643036892	6.60550989124719
ENC1	7.05848825554732	5.27795254313559	5.0015090110365	7.86723416861478	7.17878178511414
FERMT1	3.54426858599946	2.91848681744577	3.00592429588471	4.11392536832266	2.8865301068404
DOCK10	5.63531848338373	4.94147762997474	5.54366828269753	6.29895900183487	5.71758335538601
STAP2	5.51757768328288	5.04140162673716	5.8817652321746	3.73875690296956	4.0212933453278
PRXL2A	7.32679871843887	8.3035397024584	8.58461149882881	8.77062614077898	4.68028083858177
IFITM1	8.04997960151212	11.443812844202	9.12413784471888	5.66747192410444	7.61411332962193
MYO1B	5.04478836452137	4.32190117011277	5.86453486850864	8.59716851979803	5.82317393615504
CCDC80	4.27477867898086	2.55366233702401	4.11967794307252	7.02211710377632	5.31725908965969
ST6GAL1	4.44001735101404	5.61448584473626	5.44671007021558	5.62046284451037	4.47191101308618
YBX3	6.86204494415377	8.52820873529016	8.50831334227939	9.1977069689335	8.4113485008669
IFITM2	8.41679128291626	9.64684241172511	9.94794181777861	7.11334120223299	9.21150178250212
TMC4	7.02709887022952	5.76830926856355	5.63914864187218	6.53464211250242	4.76148883958039
APP	8.04455021444828	8.21447311136431	8.67895484854006	10.4107215707279	7.17794293317389
PIR	4.90491898935451	5.90901800989063	5.83584451907924	3.96324193178391	5.19874408528052
SHTN1	5.88807455149309	5.28406289180044	4.99158664662049	5.08528907047942	5.23544533806995
ZHX2	6.66836638660135	6.1668301646409	5.42577749363757	5.81147528702593	5.51631388488933
SLA	3.11935571633077	3.02485382553631	2.49063180228053	3.91685672168791	3.70945570831599
HVCN1	3.69012823303817	2.6079764629507	3.53715231713281	4.80121247884362	5.06327969105509
WDFY4	3.67431177106182	3.30636456415447	3.44078271485194	4.31551473654357	3.83266428732174
CDC42EP3	6.22394640054484	5.94212289464439	6.31540463880588	8.25167933500044	6.2716625962284
ST6GALNAC2	6.26263049804813	2.97915788992859	5.64454617690059	5.35027025434646	3.67878887679242
GPR160	7.92970057757525	5.57738705599045	6.81994420221477	7.39989149294405	8.24173410955557
AREG	5.73435232009688	1.31166377763581	5.92119919803242	5.01412162700139	3.64584578910288
CYFIP2	4.08270582676571	7.0171003253524	5.4792220357361	4.83214623128004	4.25078124693144
PDLIM4	4.67454351548547	2.90773348303604	4.46832948133981	4.88619801249628	4.03511671190096
MSN	6.63959294912616	7.34359792014419	6.83223161992122	9.35903107042535	7.22838625371146
RND3	2.63427785433516	4.28205087608308	4.52717693819817	5.79907249303215	5.74643547305298
ARHGDIB	9.2252139752721	5.01390446084449	9.21293172054809	7.67866578170562	9.91019443625379
MT1E	4.14724371778067	4.13568642660947	6.2347998919043	5.53109514306012	4.1452946638866
LSR	6.35800512207752	5.65157483776972	5.59428295982082	4.58269857772319	4.99033240586452
IGF2BP2	4.35914466145192	4.09147457136185	4.12929406482601	6.18422738643024	4.53062476047178
RGS20	3.4944816837726	3.52568156804559	3.74278527828037	4.4584569541142	3.68381499698852
SH2D4A	5.03865311976311	3.23454996227966	3.76375669127485	4.37098000958783	3.95450175250871
SPINT2	8.72658582440459	7.39399963043718	8.20133707653332	11.124620243249	6.45545294977561
DKK1	2.61408030088604	5.7053432981679	8.20434032939528	6.31653653604578	2.23816691478869
KHDRBS3	6.00745510024381	7.2226453206987	5.17064768020389	7.76274773360928	6.28537347882103
CELF2	3.4517179976143	3.09303788367563	3.88850993841545	6.3687165039341	5.05875369466111
PLPP2	6.46398716650545	5.65634566155689	6.22431923163156	5.24307613741099	6.23605759227322
PTGR1	7.33631261535706	5.79608568473179	5.20221634015507	5.9620947338975	5.38571828330752
PLPP3	5.55133039306416	3.52612871288322	3.69217345891314	6.31276489988969	4.56619171193801
STC2	3.53047252951888	6.72681097719191	8.97270131463802	4.29465697663023	5.94013027630879
GALNT11	5.18374409816396	5.65008279925292	5.70006923905092	6.79130906277939	4.77985821043423
CNKSR3	4.68185958353887	3.74637764651066	4.68555886069659	4.41982809343719	3.82737439509904
ENAH	7.03923812646209	5.62728219243101	6.62898225523948	8.07077981688228	6.18555246557511
ASPH	5.09523823104763	6.80256618909502	5.33138840502317	6.2876548332615	4.49164335545134
PARVA	5.12539852659319	4.18329140242645	4.76650695764777	7.55934435331662	5.2098041492588
SNAI2	5.43068248352679	2.89060748812821	5.24616887969024	7.81219976532968	5.64526718179302
FTH1	9.84282000940368	9.56600759397534	10.2534744843202	8.26058405968414	9.12458641399006
CLEC2D	3.22719520473318	2.66332095348893	4.65510724041174	4.32652749002102	5.74981795994787
SMARCA1	3.84117209730928	9.18156080754672	3.40715152926583	7.02368180782917	5.04980006741234
TIFA	6.23727910468372	5.41275645968525	5.38569923978947	4.14340194953508	4.32895534759921
TSPAN13	9.95249251232279	8.84557444755803	11.20905165218	7.80411196176151	8.99700238412609
OASL	3.77494634669946	4.51033891698422	4.57705271170548	3.36316555329294	3.5105647327674
DLK2	3.16724014479689	3.20472161049123	3.32914741069527	2.98011249756444	4.0997021010244
ULBP2	3.32261537811605	2.65807984613957	2.74354789289047	5.53070911344251	2.99525874957441
HES4	6.29909359127921	2.72500374405223	5.58604630346721	3.9214951022129	5.19144586105626
RASEF	6.5665552652232	5.13279235456963	3.40926534844786	4.76305345364124	3.96631856725554
DHX32	7.98466196409762	6.92746703852859	7.73139214916334	8.34974542389227	6.75910289265287
TRAF3IP3	2.9638416855226	2.40239094104161	3.24887188909598	3.74228673425843	4.34233229271749
FUCA2	6.34007033084055	7.7411435448926	6.05005603252785	7.32594342999587	6.42162762498906
LIMCH1	5.69349715605776	5.04275461494701	3.11416966013292	4.72161777311124	5.2069667517474
ZNF83	7.18079182897657	6.41428506527549	8.63233990962575	7.4135924142745	8.97845521605949
PROSER2	6.5322260002059	5.07320905981494	5.42677904643356	4.01444972944381	3.87677461631552
ATP1B1	8.50150764574098	5.51076903120433	9.81523821688705	5.46540106670654	6.52194404132289
FYN	5.37525307766835	4.82545507252974	5.3134079620161	7.2004823296148	7.00903512821031
DCBLD2	5.13377205055865	6.03941628868294	6.83179291316811	7.71687908356319	5.69348912432903
PALLD	7.64067501905066	6.81640525129651	7.65133902684382	10.7327934281705	8.04001658401582
DKK3	5.65072448135221	4.22552029334742	3.3369849599416	6.77513936913593	4.39556869317144
AHNAK2	6.79775030981857	2.88957914551023	3.07780144563689	6.13774406366624	3.5332019166485
MYB	6.95469829600195	6.77457740354499	7.21544196483937	4.89377025971922	6.32902749140332
CD276	5.8043726323657	6.00623502387056	4.67355321804376	6.63849243310374	5.32532162514983
GRAP	4.58485112990214	3.13103806827298	3.33216521737684	4.26843215444538	4.56381221357022
MYO1G	2.99255072371911	3.03864000198194	2.59267767013145	2.89504853999936	3.93749323593177
SOX9	3.8914659313686	4.16685463349385	4.44612545561748	3.72462707220595	4.26265734660855
RNF130	7.27262904300431	7.5767306126956	7.30863857305555	7.5982409937655	6.37598524732085
POGLUT3	6.38864836587018	4.75719354142083	7.74694800032567	8.44051586468119	6.61009156536229
PLK2	7.73997863304163	3.06806762619681	7.02942179826525	6.57447041796112	5.02595525453978
SPARC	7.83173835906724	5.34142190744723	6.85208013991878	10.9013693765374	7.21728048884493
MYLK	5.84349326458228	4.4443862539938	5.39873869996103	7.03517908262495	5.43147025306731
GALNT3	5.34018005592561	5.43823218994569	1.91933583926718	5.63234397625886	3.46809443727886
EAF2	5.47681425071219	4.81849985848657	5.39369945397461	8.31740580163886	7.26706172128912
MYO1C	7.75022611768618	4.68928753276705	5.72754672926545	6.76766235995061	5.00917360204757
NCKAP1	7.49829507497722	8.27446038114845	7.76082225844751	9.72749638784116	6.58232818358327
SPINT1	5.36902180684833	5.04315208785807	4.08404931191578	4.17451193075841	3.24891197023875
MYO6	6.76068322149849	5.63996987456178	7.38975151586282	7.3735214343872	5.91438161189305
SPR	8.02580445616511	6.82448145265842	7.82336595002612	6.47723296811322	6.81163110295508
DOCK11	5.20678086607165	5.07277278410868	5.88913034710595	8.76686640146321	6.31503010218984
AXL	5.34298658139241	4.36655388608015	4.53758108802695	7.40135490433911	5.54954076146816
ADAM9	5.94483089137581	6.45919376926746	4.6297960800448	9.24483124718169	5.34289505996709
BEX1	3.99243285282706	13.4691012146468	4.2950363136953	4.9323821838417	4.41657045757178
PXDC1	5.46051133548785	2.91358418075444	4.60852512606341	5.69138380067138	5.68856376597155
STARD10	7.53995633998428	5.85582088551607	8.50685548864818	7.10593404102826	7.07569775293875
GAS6	6.03493550382698	4.71658477822614	5.25987676669267	6.26673767319794	4.48501864862305
SUSD3	7.33607252676883	8.78472361460848	6.29629524526602	2.25366762047398	7.7497477041688
GATA6	3.13095752404235	2.31039179527327	4.43196803395485	3.81675650726781	3.23093534512097
C19orf33	6.0362633890004	4.89699357378835	3.17087516312608	7.84589040084208	3.76559426308073
GBP1	2.56871962726178	2.86736418084075	3.531695266514	5.04930912596973	4.32505299538939
GBP3	6.04086138665721	4.96328662762821	6.11169919860553	5.91650800012549	5.47232611625059
SEC11C	7.57020007244459	10.3088516479785	7.96024763196215	8.46114197521988	6.85047675780032
NCF4	3.43106225972937	2.96385051499119	3.58829474114852	4.42390806799096	4.65598125392674
GPRC5C	5.995506288945	5.15527538514436	5.59355905229155	5.52261361648562	3.36864546651133
CCND1	7.37395666043445	4.73358639201032	8.73761200752903	6.8432765427443	5.03121110456047
NRROS	4.02357299196355	3.20187689655501	3.83348274244336	4.09127601662254	3.95173967129732
SIX4	7.44765535731085	6.58215868082744	7.28484373331376	5.60604269381827	6.0763073402001
SAMSN1	3.19221526742326	3.06767303878142	3.95738428951035	4.69965497360054	5.96605447978951
SCEL	2.49213730834636	2.49213730834636	2.49213730834636	2.64297366379027	2.55493235326871
MBOAT2	9.05236794625559	6.19771521495544	6.15363747817696	7.82645123646068	6.28442563852838
TNFRSF21	5.31963776049492	4.10023497444005	4.97624557792369	6.12465909048986	2.24738313552812
GLCCI1	7.53029493400308	7.78377418954417	8.28045797474886	6.27629484768142	7.66805409107557
TMBIM1	5.35931104483695	5.27032535139476	5.22096516464798	6.14704236228736	4.88875846019507
NMU	2.06157888266257	4.85662785340135	3.525667014321	4.3386721091334	2.06157888266257
BLM	6.0097895485987	7.31344276210788	7.43704738655732	7.35341773428293	7.81533517786396
BLVRA	10.0239188526866	7.29231313540619	9.81101798143018	8.37353502650302	9.12302965898355
BLVRB	9.71533241575062	7.81046114324227	9.18594870586969	8.51513581871908	8.32984869978488
BNC1	2.59472466717188	2.51773910056019	2.46693592662053	2.52295009850046	2.58840746148602
TUBB6	5.87710897936113	6.33520525650618	6.42397513165925	9.44336725951868	7.38616537268524
BMP4	3.9232853430368	7.5348363626618	5.34289408672776	4.24498075159218	5.46410149457278
RFTN1	5.03905841915415	4.67382078160127	5.08896854997948	7.34176310923246	5.8343247880062
ASAP2	5.74013022560201	5.53047818229182	5.14369911963765	6.87278209656634	6.25000662366833
SRPX2	4.51921276162742	3.13556173465385	4.13520679024889	7.22188603506454	4.19068897661769
SULF2	6.24524708623212	5.04247742753394	8.08052556805572	7.8912779896247	7.02513330054218
GJB5	2.93070976432733	2.4194536008504	2.31793650704966	3.88731507779612	2.14986594238343
CYFIP1	7.74776378115004	8.08017929623619	7.47022995706546	8.47559755964258	6.58021332356155
FOXL2	2.98533553622966	2.93093356786639	2.90939912547794	3.02518967663238	2.94678167963202
GNG12	5.70514722394665	5.95628915714251	6.46713289191111	7.27615090795362	6.60130237587999
BAIAP2L1	6.14424758037777	4.97798968978135	4.86559735491972	5.12991649643782	4.01399439620082
IER3	8.33028116288319	8.15955774377378	9.8465629827793	7.32553800929316	7.17380482565627
NFIB	4.13565799647075	5.02143665562021	5.13452218684694	5.30598729455632	5.46868108632593
SQSTM1	9.13307728730008	9.32808029271444	9.12999217321597	7.95244684805733	7.95205852754966
KLF5	2.55724027523676	2.26231880024589	2.27730333257564	2.66129635239615	3.77483217184244
GLI3	4.98497403917618	5.13147805411586	6.40226445913781	6.06587618440177	4.30925631972248
BTK	3.33930771389002	2.82251845558925	4.32970140246647	3.99922342036606	4.84296285923176
SVIL	6.54519319084186	4.53500070205405	5.64744152174789	7.13930993649782	4.77727819258264
SYK	2.91403970335806	5.14731058897685	3.52354479535258	4.63904237956958	2.66982978683884
TSPO	9.35641196307231	8.23695830204163	6.64768777546343	8.35045879599394	6.97436011192825
P2RY10	2.32565164348528	2.37722309137599	2.33515015931949	3.45260905330067	4.56401784513741
TMEM131L	6.91281777621531	5.92239213323484	5.29728559550618	7.22926211036507	6.62150459542256
C1R	4.60815633800954	3.57961193925782	4.84102276638145	7.08092676344611	5.29382643830872
C1S	4.16856993167838	3.17132042777926	4.18933230241005	7.26310998175017	5.18765347481413
C3	3.7895165343523	4.35505448648521	4.69012993942882	4.02820419151059	5.48430967584437
GNA11	7.69494611181447	7.12263154712994	5.52348962044021	7.51877377322349	4.91217244049884
POPDC3	3.10002520602799	3.18506955589064	3.20344074608139	3.80277979359804	3.1699471224025
SGCE	6.02717440060751	7.83315340952693	9.1095274139405	8.47673647802954	7.79271665504883
GNAI1	4.66653021123741	3.18515727575984	3.83374997928526	5.383556443205	4.357651281715
CKAP4	8.83351221114296	7.27345583955035	6.9941377924626	10.3468082724615	6.32008608351187
TAF4B	2.68585944018757	4.80896611538219	2.50267886839881	4.0536127815972	4.26496561439429
TAGLN	5.21551833998692	3.87696993784984	4.88291597351537	6.92768314516934	5.53014198426903
TAF5	6.32497768104853	6.82774847377567	5.95068001541272	6.81261490889519	6.11496796281732
NME3	9.21774866246269	7.28373657177256	8.59580456701124	6.76056595095026	8.82283423303505
FERMT2	5.54622593713004	5.49524490688067	5.78824343252919	8.19873968492723	5.67074009638281
BEX2	4.10435643741702	6.45164112573708	7.98752400118998	4.84405815840263	3.46554327215152
RTL8C	7.71214603218009	7.89387574620883	7.5668457459447	9.01694736629446	8.47444437975771
RAB32	4.24723941704594	6.51748361435589	5.19591220440916	7.18202430606905	3.8128255496698
CAMSAP2	5.38078674880194	6.04776192350865	5.09375763559786	6.83909089251982	5.3721136975034
NQO2	6.59391455230593	6.87759075558229	8.21307096840064	7.68796120871785	8.38343140522921
NLRC3	3.47253006910076	2.81528385149204	3.46117406546217	4.20511525524059	5.20468863175884
WWC1	4.79295855917121	5.27997323236915	4.60571824336071	5.34357114477271	4.6565324080415
ADGRA3	5.99697658509346	5.83976051722727	3.73720617024521	6.89619395542402	5.77643146682883
SLC27A2	3.6875097788619	7.7953044383141	8.38760818783592	3.96672172277847	5.64101157766903
SFN	5.30094162449098	4.08987189289947	5.33588997121124	4.36708302989686	3.90976198342717
KDELR3	6.88155592937293	3.91149061252888	6.82484609502799	7.59939367380473	6.00187028504651
DDR1	6.44988802060807	6.42104468546268	6.28056499596613	5.99171805873628	4.64446774357558
TCF4	6.95915226420036	5.53076523931701	6.40465672872113	10.3302597046305	7.72340765946981
P4HA2	6.92460281161583	6.95605947580632	7.30620512748041	9.32097541493415	5.43782752041012
TCF3	6.59624408484587	6.08425421941274	6.64833404940674	7.09253698227605	6.04265627078105
RAB31	5.72553504075473	10.588692833982	7.24488819161992	10.1276600930471	5.54773019872743
ZEB1	6.43106115170533	4.87976032650988	6.01207736228376	8.63742626023942	7.0420181623063
TRIM2	4.59284449118629	4.18652896568721	4.24803310688223	5.74830248880761	4.553858441835
RAB17	6.39920233418325	5.73290957908411	5.79160615764762	6.07898159396609	6.13681358237435
CALD1	5.7515175817649	3.74578910579336	5.34969233995731	9.2317092784889	6.08070543802155
PIM2	2.92062656775707	4.63602418362845	3.69171393228301	3.59301549655414	4.14209828800962
GAS2L3	4.82534868596435	6.0746322669899	5.58541508663327	6.49247317014716	5.20042492363138
NT5E	3.3241042438328	3.70035737989257	3.20261852346514	7.31973731774668	3.86592068125347
CAPG	5.81509778993799	3.95270607161421	6.0847895177741	7.59053052299812	4.17670362556048
CAPN2	9.20226120545955	6.10662843641325	6.78897966832455	8.03129623648197	6.25891406020533
CNTRL	6.56875314580329	5.44876851584163	6.52931932680616	6.23599504503144	6.71642139553496
GPX2	5.33059041522878	3.41007485307079	2.83735136003926	4.14494379995339	2.78631001401851
CLIC3	3.64935985591629	1.14652839755458	4.03661462218726	4.61600348753371	1.90635839904665
CAST	7.5757217140363	6.69332631466157	7.40080162830717	8.67601966362389	7.27628147797087
CASP1	5.21706504433556	3.46216032318754	4.59300839035845	4.03314390502983	4.40176623076665
AKNA	4.1528239634745	3.74224053811531	3.88194076946781	4.93413150787591	5.39376517880925
NFKBIZ	11.0588783001861	3.81437151712423	8.21029450248546	6.16016046138845	8.4718218694251
FCRLA	2.81513524054809	2.94061117365022	3.11566753283923	3.25348127908675	4.20230776971928
ODC1	7.74806696771566	9.62530791232652	8.58517671503913	9.30411149979859	8.73402353848374
CAV2	4.47295651195595	3.43982300773533	5.14706141260841	7.03001842916065	6.49127396601792
PRSS23	7.5965842122433	6.64455113377276	9.0368621892713	9.50402559033897	5.82320396439882
GPRC5A	5.53100056731267	4.8874636927892	4.01421899751531	4.83169790337567	4.96626360393533
TEAD4	5.31756704539668	4.70072153877134	5.79875248540039	5.85226441726736	5.85741327901742
MAP7	5.74385190880487	4.30468501589887	5.11052235939118	4.992685016973	5.00817763699231
CBFA2T3	5.32572115344077	2.04476236082424	3.43413218791109	3.95884415914924	4.71916801400216
RUNX3	4.09815568844623	2.92371102224988	2.70503037115962	3.90621959112523	4.7077843344044
PAPSS2	2.76223642498963	4.8141220947886	7.25251046498834	6.02454170967466	2.9865933711853
SERPINH1	7.41940751822495	5.91812799576673	6.66750934325092	9.75028952080932	7.48079913468167
CXCL2	2.56769169673673	3.02878077980781	4.14624605070321	3.26712961999761	6.49779260066151
CXCL1	2.3017814023375	2.49514987677062	2.93750605839665	2.35009679003078	3.53465196495435
CBR1	5.98937832951055	8.35670764656795	6.36251420462194	6.03719307773291	6.34811217045326
NR2F2	7.7640030022422	5.28233018173464	8.78056720620681	5.1055226298448	7.79946689312574
CLDN1	3.24252589786492	3.1677879179614	3.97214877631959	4.7954054582703	3.08875459861113
GSN	6.32580052324061	3.51800567370288	5.52803883735023	7.54896435294417	6.39973765384049
TBC1D8	6.03686289740571	6.14719988411378	4.6525928572206	5.30299673110316	5.41641289788225
TGFBI	4.89852017037581	5.54658451581335	4.72826993219483	7.87563855650739	5.41290986821897
TGIF1	6.50349536794421	6.0371431520776	8.02316322165125	7.39154082765739	8.19706779975613
SLC22A18	6.7782116024515	6.2854670972512	8.00255315950922	5.85360774151467	5.92445243051477
COL18A1	7.36679013157783	3.93302359061977	5.30760924089828	7.02436006386693	5.56919672864158
CORO1A	4.79698067435392	3.95150684058474	4.7297879595545	7.37831254103589	6.71325172593163
THBS1	5.70043599192973	4.72552456364643	4.65129354803526	7.27221983776404	5.04107124105321
THBS2	4.41414135355951	3.68146478671697	3.5749798273459	7.60114674269947	4.72802456555068
CD3D	1.60745202253157	2.27142455240878	2.62139140252598	3.61125291823892	5.56282269097732
SH3PXD2B	5.74724054017209	4.98868625945319	5.22719542454041	8.34214313196858	5.71206124113758
FSTL1	5.65044688978462	4.08211110239035	5.40595982973028	8.45036547100941	6.23856139222039
CD9	9.43676321940561	8.26887450813932	8.53633466251395	9.79632702334403	7.71988995762277
P2RX5	3.28061210783753	6.5334359933606	3.29944019652286	3.60185093108699	4.87255763106527
SLC16A3	4.05358772667133	6.08308320551846	3.43881196249208	6.263990084026	3.2144685785459
PDLIM1	9.64806397609883	7.20142167998643	6.83281406607139	6.88495420611196	7.96630248501029
TIMP2	7.59232331748013	6.87354911354207	7.13033628617143	11.3911333051283	7.71657756359474
TIMP3	4.68559828437832	5.98897101690533	4.70126879321913	9.44793117018385	6.15268639199309
TJP1	5.98357198393527	5.32670224634877	6.12846200974664	7.11270518150925	5.59172072846348
MAP4K1	2.65864910970623	2.90020608541142	3.76254337518227	3.25960708391548	4.96571997901586
GYPC	4.90712835900447	4.21258197958834	6.11956468689133	7.35639161193108	7.2970402800959
PKP3	4.2484785753356	4.2965440056102	3.91746615431329	3.51624554726868	3.07512238588166
QPRT	8.11107998273167	6.34861184811653	7.24397289166765	9.02556071520558	5.80054066791003
LRP11	5.23633636676469	7.06363066319143	5.28867259663949	6.93404919636851	5.25618474276157
SCARB2	7.96582729360254	7.88971873098561	7.24436358005378	9.24041280665131	7.45255528830423
SERPINE1	3.21929057698502	3.59974298858932	5.28634607644628	6.60925328438794	5.48741446417779
ERRFI1	5.0431756098078	5.16656755191522	7.36279918933143	7.51560516635239	4.94397670119873
CD44	6.251035267889	6.49368531189081	5.7883052210618	6.74683181025266	4.88049370694433
TSPAN6	3.80004767313135	5.29153473099668	4.901419688204	6.19761380354951	4.13289308027202
CD48	2.10954600952296	3.38134557856122	4.61715027401191	3.94645812611087	6.73729462579621
CD53	3.71997531389573	4.09208208435736	4.24122106297213	5.79015895316943	5.83055780484765
TSPAN8	5.04984071408581	2.54239126583005	2.54669967041649	6.91962740374391	2.83152812725058
ANXA10	2.87505281911992	2.87505281911992	2.87505281911992	2.87505281911992	2.87505281911992
SERPINB2	2.82215187548967	2.70513419984946	2.74120873713861	2.55897364916041	2.59599284686728
CD59	7.47428485964469	7.85752574946959	8.29771516999273	8.62809805925036	7.75510072604846
CD70	4.36475534104823	3.54271209622085	4.59055681815917	7.01615772617837	6.57915537357762
CD72	2.78443197136033	2.09046018181364	2.07074329314684	3.09433316525983	3.06453198126759
CD74	5.23551456471264	5.34673959363968	5.38212844909074	5.24340225125384	6.67562749161306
PAM	6.23914148081908	6.90193765647652	5.16253841079121	8.74065549456583	6.9758172904636
CD151	9.30082885576459	7.03055416246414	7.72195171109175	7.36534580673299	7.38266101496365
AVPI1	4.50340208882688	4.27854718905185	5.15974369000325	4.89426695026031	4.29555408735128
PAWR	6.48867048014195	4.90943673264609	5.63562654428639	7.90522543282715	6.66301428647855
CDA	3.67795490657847	2.98396650640201	3.63542343780702	2.94867750952812	3.63835899674389
SEMA3A	3.61741054069633	3.72934587175481	3.7476018647065	5.81850076232408	3.91631262790529
TNFAIP3	4.3753282946848	3.70283702755991	5.24921809532033	5.59528042802163	7.67018156118747
PRR15	5.04437396852519	4.00961190446283	5.29943915595579	4.76075087158688	4.97545088828203
CDC25A	4.22073554430887	5.60139419423525	5.14819087023286	4.9819054405744	4.87401061769128
AJUBA	5.06098220276581	5.4945685776943	5.80088715352749	6.07646445365783	3.83081712490554
TNNT1	6.51021683172131	8.93851861396617	9.45179117317675	7.93130991215563	3.4105455607148
PCBD1	7.7636595162302	8.16768964547547	7.92865613698344	6.826316855425	7.53484896578364
ARHGAP45	4.55771011101273	3.65078784367467	4.62609470161129	3.41086764208561	5.06456715932775
CDH1	1.52996710464911	6.09625890410904	4.00999584920682	6.19626954666529	3.4632114782393
CDH3	3.65016999235561	4.12766762067371	3.85810284125137	4.54519130607127	2.65951835907139
PCDH9	3.52067426845654	3.68032412096105	3.8996255754869	5.00558248313879	4.2995395378811
AGRN	8.53604247808696	6.25663950510033	7.55757812857673	7.42320457490035	6.58307301904292
HCLS1	3.28433130617537	3.58210888406296	3.5810556725338	4.73031046443813	4.49504251543437
CDH13	4.83725845620244	2.77173737474812	3.42569895981562	5.49389909903521	3.03036694593657
TPBG	8.82839094001968	6.94160536983109	7.90361381649801	7.01407756560953	6.92969522779939
FILIP1L	3.11591484120676	2.79279835871001	5.10495662831475	7.10868366882093	4.05469460569953
CFH	3.72388952300599	3.26091177528135	3.99653207640408	6.30126030650116	5.12310632477824
CDS1	5.06786303178754	5.95258548023071	5.61599296847187	4.74581490335093	4.7632839260837
TCEAL3	8.00823961199875	7.64860603275964	9.07063614444244	8.38111214628349	7.28982070425067
CFAP251	3.28879489600818	2.69951576468438	2.7580591644588	3.90076657325438	2.47036911115645
CEBPD	5.92537220859302	4.5792567904007	7.25339124184115	2.58648931870666	5.10159890046247
DHRS3	3.26326494913581	4.63346475550054	5.25240684530044	2.5008635230122	3.78812243426368
HLA-DMA	4.8507255540016	4.70185675535549	4.96643659397126	5.2609718319816	5.65927517016821
TRIP6	7.76552717157892	2.68389343634312	7.81974667935365	7.26571697906297	4.04564261507002
HLA-DMB	3.91472601692956	3.7675350240247	4.27517240450388	5.071467853555	4.57035083187119
HLA-DPA1	5.72786988825378	5.26377092525156	6.16028471370386	7.45333231711481	7.72699840699983
HLA-DPB1	4.45987270584266	3.75945798513061	4.64125018699022	5.45483826940745	5.41436264409998
CFL2	4.889627277501	5.94804960141585	6.19133203034967	6.89365598537783	5.66668005873389
APOBEC3G	3.77986376607183	3.35760562853075	5.42052560818966	5.26105525558532	6.60605942526684
MGLL	4.42997635659498	4.98106316506248	4.57112942259989	8.60765704329272	5.03426078868543
ARHGAP30	3.45628963199762	3.54715227866386	3.33170126447905	5.0878524745109	3.98614003917623
SSBP2	7.31505047559964	6.7103340850228	6.19989855766365	6.59659418089694	7.28171486016196
ATP8B1	6.19883800996684	6.34452702160115	4.72350505288758	4.82036108425396	4.93939483646491
CD83	4.39422309034341	4.60246776364859	5.83201860061805	5.75228206452707	6.28998097938096
CHI3L2	2.17318741169711	3.8155985149394	4.98076972811595	1.34218558529074	1.65298172460232
KLF4	5.50109229385134	3.51724696290876	4.84192688798213	4.30214794867257	5.04327553342631
VPREB3	2.59033145255292	2.32863816451098	3.16835859492988	2.33493366566481	4.48210334045867
NIBAN3	2.81568598347996	2.73564626544713	2.89219876488758	2.77489496971518	3.51089429207642
TUBB2A	8.32252492156029	7.6092928335451	7.27618124423341	8.39367538923923	7.69862173148255
KRT80	2.78316831451538	2.0822369654049	3.96786134493308	5.08857854298205	2.03082796406774
GCSAM	3.45148986467512	2.18344697618028	4.72750690136582	3.78529869202878	6.005319867542
OVOL2	4.95342426717785	4.69303116132719	4.62078145957739	3.18476964035346	3.70419849664878
RAB38	7.33340326018784	4.98648968154142	4.80394379614018	5.81298574510592	2.34913368851491
SERPINB6	7.42010330856115	5.68433827195768	7.85229771886805	7.7216267319642	7.21004980130755
SERPINE2	4.40986107971981	3.18987614806984	4.13318767147197	6.09042177512121	6.06890407234322
OAF	5.63748605060258	4.55473162623266	5.70442596540594	6.19809195640136	6.78109812421333
PIK3CG	3.52875221744174	3.23704386031372	3.59403956971797	4.23844259039356	3.22830803856714
AHNAK	7.00795533503238	5.97303420923302	6.07900581884917	7.11377275679293	6.17838300799749
RIN2	5.67660527914878	5.95930065369799	4.52796373489912	7.24956362858249	5.02239764437903
LPXN	5.65324656125545	5.07795257477825	6.13084691305868	7.53119585583926	7.39807184975169
PVRIG	4.42926107076058	1.97412209324034	4.08203664210626	3.28846403730654	5.50031463469305
ARHGAP29	4.4908554651511	4.6539212142088	5.4817582653142	5.02059678902611	5.27444151058664
PKP2	3.00491833641796	4.05054085083757	2.84359673395665	3.99317755461452	2.46964798920926
DNAJC12	7.27878819863018	7.1507320401932	7.10623469760485	4.42776204520469	7.25416516906047
OCIAD2	7.6035936410475	10.1243579755895	8.60058009458549	9.42473817674857	7.04389188448359
SLAIN1	3.27596895338024	5.51930919907522	3.89285711835551	4.54492679357888	4.81085782123326
BAMBI	7.75451888539406	9.16358327013648	3.11603882905411	6.44536168870439	7.59192938879448
PIMREG	4.39789292156897	7.91180919598466	5.68978424378181	8.08342780164299	4.97575561281504
PLAT	5.65139423191125	4.02053285374056	5.20647392580323	6.79592192608804	5.97298612540842
PLAU	5.38559954924872	3.99804706107799	5.13783834101033	10.0087938416021	5.34766404776326
HES1	7.22923543455431	4.90929443349412	5.87628470415488	5.70139072743866	7.5993334479192
UPP1	4.53763546164416	3.75451480489425	4.16804014614729	5.10453022864422	5.43930362224385
PLAUR	5.02889000429384	5.09029695658162	5.21015853518348	7.80422787788351	5.38599135979087
PLCG2	4.46146046709839	4.58716704019319	4.68079028026997	4.40555973909539	5.02374605724061
TNFAIP8	4.03155925224148	3.7652403555411	4.15710612213179	6.25002364251919	5.24069782904663
CHST2	3.25113504479972	2.6562449893594	2.97203590805156	4.10882024436944	2.88344308578574
NEURL1B	4.89685573590832	5.54686299589056	5.93563782777224	6.1019408545293	5.65778283114059
BACE2	4.71266054668227	4.62508431504907	3.09265911787896	6.05606834013141	5.87285229532999
RBM47	5.58802335678664	5.97850982272692	5.2474013148937	4.6409074368108	4.90032662071172
HSPA1A	7.90841123580153	8.48900423098134	7.40270655714052	9.46013412187835	7.64285439908369
PLOD2	4.50808396450481	8.16477931226541	4.56300267292739	8.36579949606761	5.81512703887294
HSPA1B	8.17297860619567	8.44118866831434	7.48543503752949	8.71978782702954	7.77398544583521
HSPA2	6.61426691325219	6.45087005633778	4.80739309933809	5.80735922345129	5.53699826258542
AIM2	2.3822431477562	2.68991026033142	2.54944510188875	3.45630471731386	3.58788814883205
ITM2A	4.21488981128828	2.42755486141846	4.67654835723309	3.82867567711972	4.96485844140038
PLOD1	6.10279629204788	5.2525894273827	5.60850602946906	6.52275984318837	4.96951936200624
PLS3	6.23440208610715	5.02088152625549	6.07333878428928	10.2388500568143	7.5124790294446
PLSCR1	6.29712997318817	7.24757505618685	6.65142482154621	6.98672613169847	7.32385342285593
VAV1	3.90701926622989	3.13802752785544	5.70591530141976	4.86750606804464	4.71723421987042
CNN3	8.24868533395218	6.6044267636535	9.11637394160075	10.7636132068665	8.0797947259754
PRXL2C	5.30897956326197	4.55811754709095	5.49584030354302	7.017337971392	6.43629249601239
DSE	3.69243801409029	4.08533748045863	3.07791971737892	5.99940604352004	3.59171256832918
TEX19	3.4070267212035	3.59440880922532	3.39186233476265	3.43166988869722	3.24326512494467
APBB1IP	4.83762412597669	3.78433384230672	4.54770766809794	5.18277306035527	6.23706395679334
COL1A1	5.4620933782564	3.73819376696224	4.2888449200203	6.4491186389768	5.14430251946833
COL1A2	6.26789675262641	3.86738499445391	4.96732712059771	9.15684767126757	6.87731972499654
VEGFC	4.93719779639653	3.36542128688603	5.66278823804487	6.83896480567977	6.15543971061686
COL3A1	6.00535091105893	3.45971837275584	4.66467375174646	8.54328554507905	5.57700219269967
COL4A1	5.92660997949133	4.68199444585162	4.79046286879881	8.01347452723881	4.43046078769328
PMP22	7.17720232060858	6.53840481376992	6.34692513277049	7.34685231997404	6.5149434005213
COL4A2	6.62945268844201	4.67834586218307	4.80364573233879	7.8399012797609	4.36459606064121
COL4A5	7.2510618768784	3.92378534196893	6.43454938357235	4.81910755949059	5.91438445198952
VIM	9.79550680495402	8.33925703978684	10.0620491411719	12.7816990379938	11.5216974688437
FKBP10	6.68842874761765	6.02853239497357	7.5392778932652	7.98303600020831	5.53488365495278
COL5A1	6.0843319430244	3.7366017434042	4.51156161402882	8.39628948342007	5.47474216161381
FNDC3B	6.70167059070009	5.84594881135305	5.67657714081373	8.65320552652092	6.4048276819119
COL5A2	5.53479220681567	3.82343422787925	4.61101887545581	8.07430686404727	5.76970836119891
COL7A1	7.10457795393325	3.29986742411202	4.62049915031566	7.4806066694727	3.95627700351699
COL8A1	5.78857793835852	4.71528028409999	3.83135971513844	8.94496343044139	4.67556042870972
VRK1	7.417903994683	8.82550868195258	7.80373076650951	8.24016415586939	7.58430743381099
COL11A1	5.01133676562711	4.41901116405193	3.63433946425718	8.61751315983225	4.45993873732119
VSNL1	3.62930190860026	2.84284459918499	2.97213517862519	4.4326405559721	3.49213332042775
COL17A1	5.0931430908243	2.68831688175353	4.28819187367984	3.69981283103525	4.19063036185728
WIPF1	4.04981529520956	3.15602603995672	4.21142862930469	6.59375801378485	5.854461326828
S100A16	6.14576903740109	5.15712275441217	8.15311797732896	9.03946865439998	5.77367758413331
RHOD	4.79323984534109	3.97364575795352	5.76249571242368	5.02523526810815	4.70499795530527
LAT2	4.28091424599832	3.34881301295078	6.02981462688936	5.21599742931383	4.14569061979163
TNC	4.90361212451497	3.96229622375559	3.88458133047469	7.47172471244608	3.643857421472
LITAF	8.92859323972229	8.01072422011486	7.60047179738574	8.66631767331293	6.77381499593412
GDF15	8.27045666938818	7.82432471289001	11.2217550647214	6.0861927196968	7.75230038790668
ICA1	7.29150400151284	5.75536165413649	6.75333139308454	5.17375455933811	6.67388514737352
ICAM2	4.82113291166221	3.7096963775095	5.43599276224874	4.4438258700837	6.18206823079642
EFEMP2	5.65740458310888	4.83457829729738	5.19961036969425	7.61717986390336	6.22592507161494
BAG3	8.91799059785423	6.51733691021037	8.23012011734385	7.86108286951429	6.8775903827234
GMFG	4.81107566191974	3.95730968134916	5.48268951759511	6.1880474500379	7.67098892087609
IRF8	4.00869733499896	3.77343660880775	3.36140029938771	4.49262578856712	4.30214821644452
ID1	6.95596521633548	5.34923272898726	6.51832457990674	6.46740709637064	7.26102056420536
ID2	5.75043891987877	4.48421731955967	7.48096346319965	7.26145669010119	7.69503146824215
POU2AF1	3.14161889335031	4.17816804423155	3.25298050371429	3.97454455563512	5.16496633874218
NPDC1	8.23358242474834	6.7912694701766	6.99793202612001	6.29308958942332	7.43977934157926
WWTR1	5.35256374504143	4.45785225378986	4.63050180143529	6.65546040780445	3.76144809181409
CLDN4	5.80323375856903	6.08735278790604	6.38192059176806	5.53132013024775	4.97686433634007
CLDN7	6.10449284762863	5.60516158406447	4.5003299634711	5.29336647555959	3.3796524575124
NIBAN2	7.66727100939628	6.51536943837038	4.87625315437643	7.9908514665533	5.22175092556964
PPARG	3.48058776735841	3.23947577246639	5.20218341661309	4.0304351110409	5.4638101678229
GTF2IRD1	6.8652955116558	7.44209097012905	6.53210639033806	7.8559798935768	6.69840053340115
CDCP1	5.00368451918892	3.79462590809479	4.32756941360007	4.76767333075592	3.81560103404233
IFI16	5.99345108641419	5.75185570949123	7.6622498720718	9.43851484959923	8.77373764661101
IFI27	7.95495648174622	9.38817232265528	5.47794087104281	7.11577413776516	5.8558874487597
YES1	5.23702030526172	6.46222000710401	5.81180085674539	6.87660357822465	5.07823884090915
SP110	5.7314883404251	5.86421653345084	6.17440987685876	5.58271386625369	5.8885657968454
PPIC	6.28320482169708	4.31529105848594	6.37015942966665	8.37011463251589	6.40244764602678
CRABP2	5.6596294673922	5.76496077564944	4.36838741842493	5.22334576620099	3.60528246111268
IFIT1	6.95899084238699	7.3232598933361	7.27655167793263	4.55019764758726	4.96969146576207
ADGRA2	5.43768076614739	3.42955156555743	4.64744674863147	6.62699684085755	4.86923803215677
CRAT	8.73964126114369	6.61644451569634	8.31336740704076	7.46655794839821	7.61441700345695
FAM83H	5.69940065262458	6.13606426683335	5.24497936421696	4.05746028859609	4.83359168809797
MISP	4.83088817390941	4.18168494588869	4.90799769735381	5.22153461846392	4.53362883751598
ZNF22	6.27297092262726	6.63481545201584	7.54842599743013	7.88061764008903	7.7596690060282
CELSR1	6.46184841749323	5.38585290060655	5.36319640249563	4.09316317309234	4.04942400804125
SPATS2L	6.61757433200369	4.3591293313908	5.63206595100845	8.25941440575499	7.46980276521277
RASAL3	4.31269168677358	2.84040324289292	4.44374956474591	4.08172742887648	6.04107304010998
IGFBP6	5.90349545231439	3.6029246510821	4.74108841809758	5.81454079292983	6.11218516447343
CCN1	4.41271936511661	4.93488493870299	9.16761776274743	9.57109631351103	7.53877652287875
ARHGEF10	6.47042439552012	3.60379450956219	7.22212219035386	7.45255816274993	7.0015142338685
RHPN2	5.24310192914968	6.23537668109763	5.05199704755127	5.45139845145377	4.25184317542184
SRGN	4.72804253538605	5.68718387566008	6.17124386017258	6.99505716923739	7.4570120727604
FAM210B	7.59767759297702	8.49405093204878	8.44408640173788	11.9007771658274	7.04849860219712
DEF6	5.20645153763326	3.89615530045745	4.51943585309705	3.63348810770867	5.39331690916757
CST3	8.04399906695201	8.06898689607179	8.06215430754296	7.69451808643627	8.05193043971512
RAB11FIP5	5.62882603072076	4.82507023205977	5.468869337266	6.2353728917486	3.96079562641713
PRKCB	2.96842733581345	3.01438746640569	3.23080406861234	3.32913956832511	4.41747339086412
CTBP2	7.69875388860577	7.04403267405691	5.5914670243858	6.9339171209456	6.78101650764157
RAI14	4.03781739109088	3.97946853454515	3.53063187768129	7.25441882491343	4.09710539240956
CCN2	5.26546565704721	4.56913735913498	5.43670957751902	8.90057048628407	5.75373493274929
LY6K	2.41907911183343	5.50160040507519	3.95024771781719	4.30384573577157	2.06593950278538
IGLL1	3.29740064677864	3.29740064677864	3.5060723114503	3.29740064677864	3.62123091618796
CTNNA1	8.97018046588925	9.09794264667147	9.10840440431307	10.0622093900495	8.50381947026473
SLFN11	4.08929150831514	3.05540943298736	5.72105896419832	6.08936953962928	5.41185558854648
PRKCZ	5.58299258099829	3.97766005384868	5.38965654989165	3.67526085037412	5.38855945241703
IL1B	3.75940853439099	3.87092516118457	6.01784354127001	4.38384842842149	2.98345118978261
CTSB	7.84660219082162	8.23379501360834	7.3865021019132	11.2531215370193	6.93224078291194
NEXN	3.67716926562583	2.78115041609431	3.5773746842967	6.82707686033994	3.9987097296149
CTSH	7.28084933092097	6.33117982570365	7.05912703500096	6.87047804147864	6.04458673958559
CTSL	6.05941266524081	6.4690270560056	4.75231834976836	9.16042781211181	6.36587899604996
CTSV	3.00904458482957	5.70761679687672	4.94319751896538	4.41688450788275	3.34369479966341
CTSS	4.59176031326228	4.20757367077617	4.18283160619941	6.16165003295788	4.1869929666257
CTSZ	6.78181104311439	6.66973382771026	5.81259213859261	9.72174593419484	6.43638935639902
PRNP	6.20337283902157	7.84973016307937	6.39016985403747	8.31953070185294	6.80565955162068
CYB5A	9.62404980649416	8.76321341046096	8.38059419050036	7.37404862573466	8.91560807047307
CYBA	7.23463648147004	5.93303652910221	8.33377018739712	9.87767247727067	7.01366064061251
PRRG1	3.42310340051478	4.87209104393567	3.38038267349401	5.10572768190245	4.35285600172494
SRXN1	6.95704768119269	8.58231959410053	6.96177762047569	6.92270741049874	5.87483852886388
LGMN	6.81403435414591	6.82507029808199	5.11849934620033	8.89234619487992	5.50856719077456
IL13RA1	5.30700382331614	5.95534611867311	5.47783213602213	6.3343462655712	4.94693886632525
TLCD1	5.36523723356469	6.36050100077221	7.69636971623015	5.20652351565758	6.34992193181053
ARHGAP32	7.04162041035107	6.14645833620076	6.38284329329233	6.32991475963336	6.05828226239322
ACAP1	2.78680592314715	2.58067345411481	3.37760726492829	3.41406923446433	5.82330951391286
LYPD6B	5.17887223175559	5.61113504199283	5.82386928250449	4.11385120658507	1.73232769807073
HTRA1	6.48528262601559	4.82752537627318	6.31560923878427	10.0784866680171	7.48801048267943
RIPOR2	2.4397478396348	2.71375738942247	2.56352722768631	3.61416747930473	3.9737116504258
TES	6.46961747654283	5.26490873270017	7.02449074106071	9.11541763084543	6.64684150552954
EPPK1	3.55922215593074	4.65943315149794	4.41726302783067	4.4402654832538	2.77699836181197
INHBA	5.36884085935506	4.47139493950655	3.5410630278623	8.57723662267855	5.10700626429155
INHBB	3.52766393239974	3.22581078353309	4.15181193014652	4.18216128410445	3.96495520866109
RASSF2	3.60463051860442	3.03194711367974	3.50768780720443	5.83295127006932	4.32804373628004
INPP1	5.81719315500472	4.63444210094071	7.2340061370745	7.22444188841636	6.58799649141768
GIMAP2	5.86942615375807	3.63898228132826	5.10458529454589	5.13012557139343	5.74077237272629
CYP24A1	2.90960265149515	2.83616109233076	3.05546813732461	2.87315488463584	2.91644572201868
RIMS3	3.83293781381223	3.61413690624002	3.78854825614694	5.42854747121323	4.03990756602439
EML6	4.65088410893425	3.41183494396564	3.98682750808066	3.77953454119755	4.10306167646784
SYTL2	6.3038037516891	5.83540487162622	6.28278743624939	7.39740307717063	6.14181324263325
TCIM	3.25426090979397	3.37097276093871	6.50834737227054	3.80578374989483	3.67613740494894
PSMB8	6.62524529218989	7.26074516399767	8.09035903620529	7.69729168339638	8.12487351713455
PSMB9	4.99083876953578	5.21522737357769	7.04786942506442	6.46090126507207	7.29007108629378
CD55	7.01451402951385	7.38321226050567	6.78457372106494	10.6998585152563	7.20043735211558
ITGA6	4.76053367131003	3.38324581998417	4.06507843831626	5.9535670714998	5.68530101014569
SLCO1B3	3.02824447997245	3.04790334877315	3.02824447997245	3.02824447997245	3.02824447997245
THAP10	5.06632381701081	4.90773918400208	5.77535745217283	5.34008814069112	4.55797119148984
PTPN22	2.76767162479669	2.46915339011372	2.68824618741021	4.25153174009269	4.88736295810249
IRF6	4.56859897761782	3.52137986515685	3.22626320726075	3.61744352405764	3.06706877684393
ARMH1	4.23301353092545	2.11658463870429	3.83427745319756	2.75166938009237	3.46744353896891
SERINC2	6.05442047782484	6.08557519433897	5.89526024359006	4.99415257492676	3.96954580554884
ITGA2	6.30074257631686	4.36672138863747	6.1031185632934	6.44646703859268	3.91154686443402
ITGA4	3.82524290230584	3.03627746341865	3.27670307424534	4.88788391304772	4.81212331580574
DCK	6.33554883167524	8.59163526858943	6.36907500755101	7.12059786784758	6.72621633637058
ITGAL	3.95943215222819	3.56752525498695	4.74158685218575	3.67267537966312	4.71937203241023
SOWAHC	4.01824933346792	4.96205097935495	5.08450102145327	5.09395681496668	4.41079756606738
ITGB1	8.0584520108357	6.99038644823377	6.74430666980548	10.4482410831087	7.28561405967091
PMEPA1	6.91798542352184	4.48248479389688	5.45704763405184	9.21097181195473	5.97760454937354
PTGFRN	6.02050943633383	4.27844572636826	4.75311131459524	7.40635910981399	4.71039847973233
ITGB2	4.14039881961022	4.45069915399947	3.41263201418846	6.03391636515693	4.3390339081901
JAKMIP2	3.46537300723803	3.53779247291768	3.08362469196691	6.33041555280973	3.62871214733516
ITGB5	7.78446541028788	5.63764919497511	7.86783011830361	10.1646541491408	6.6280500934675
AKR1C1	4.24136026263647	2.41952338584077	4.64980128421099	3.20806504176234	3.99961920942776
AKR1C2	5.97776820352953	1.69010902236883	4.20950051807833	3.58132868971438	3.16190103484605
GALNT18	6.13091980848788	4.92483452680348	5.43685302966322	4.84934095059865	4.61489269841902
BMAL2	4.51530814510831	3.78245940086281	3.82374871388918	6.48045904701256	4.23736425305616
LAPTM5	5.42399805965982	5.50504452701473	5.19273185298106	7.00593399382501	6.03262672178709
PPP1R26	7.41782384436102	5.73458239985377	5.20853342590993	5.97816069439882	5.45781389260422
TBC1D10C	3.28457142832087	2.69059229889683	3.30157705994489	3.11667691097597	5.6423786525028
JUN	6.82952511575309	5.34358434288669	8.72893685392475	7.47294272355132	7.87710771990146
FAM20C	4.89714742450182	4.29318774185267	3.83025593039821	5.83681564282875	4.57858183190832
JUP	7.5568275701119	6.98210415645954	7.19002335711643	7.0511135455449	4.37193437513018
RHBDL2	3.711244935612	2.7524494763106	3.22421147938521	2.98052520241688	1.82957255432691
DUSP23	6.50424262508258	7.47387469039373	7.26051693264291	4.93090904868139	6.03866122243444
GSDME	4.90433508696928	4.18492583112635	3.89599548428972	7.0178679127887	4.81251938467264
PTPRC	3.10912418906287	3.68515227010136	3.0715763335687	5.39464035273645	6.04249925923018
PXDN	7.32399674755013	5.10633198652178	5.64407795874618	10.5911567281323	5.62045169315599
PTPRF	7.20462672155971	6.87775726737416	5.82188255182703	6.19478288648558	4.79288848210562
KIF15	5.14498788275882	7.21762308984964	6.47273627903364	5.35315879525988	6.39270954986729
PTPRK	5.67062262695533	4.90461156098517	4.99947052297423	7.08687214831303	3.67257197243913
SACS	6.76412121946442	6.54652916567053	7.14226718491615	8.81873489831263	8.26966308752703
CXCR4	6.2407776084819	5.74748940393611	6.74248902148129	6.37081344760083	9.42200208578996
HEBP1	7.74687099163889	9.14260467377652	8.0151164047436	6.92733432954653	6.79267945861176
SCG2	3.56572520531042	3.92059933366457	5.53620013200224	5.77629436631792	4.67884483533914
NECTIN2	7.81898041350935	7.58145303837218	7.20185840872684	6.27328903115602	5.90615318334203
KCNJ15	4.27116591522643	2.36203894798914	2.6771629259385	3.64666393305831	3.0720591434868
NQO1	8.70676914942353	10.1197323017295	7.48612422513564	9.10937434967008	8.13279554490644
PYGL	7.82445770386999	8.80346470970428	7.94893035595217	6.85469071535395	9.1312908837002
TESC	4.75363379745326	4.01420773052536	4.93337614998426	4.99403922390751	5.16317751395391
RAB39B	2.80056783076418	7.24360436533793	2.9035691540252	4.53441119624952	3.98715111210509
RNF128	2.87032299167875	4.96498747584095	2.49915668429303	4.90063797445354	2.3961634270861
RAB13	9.2802334882704	8.34028907196521	10.1558930036493	8.46799285555875	7.86795951405866
RAC2	4.04789117096064	5.28134112960261	6.25284017626493	5.8935065213647	7.14645274047764
MOCOS	5.58171315979007	5.22223795067665	4.61635026856907	4.75511934039203	2.28032273664658
FERMT3	4.1552789861879	4.01657251863085	3.60739254548114	5.07175539873457	4.74950284209135
FGFBP1	2.22772433441846	2.30256643302241	2.26876598213857	2.37635175182136	2.41167478560682
AMIGO2	5.30584381649412	5.0948699447287	7.14887140924697	5.93817546850171	3.83507783727947
DOCK2	3.66228037493255	3.76702009559457	3.30871071175956	4.53494202639458	4.63673027612825
RNASEH2B	7.00761447920727	6.17777600022128	6.69245738934081	6.95994096307559	7.17905377561292
RAG1	3.13401009863822	3.2314564289063	2.94263273004431	3.77392404978874	5.42007060418576
KRT5	3.89309932489839	2.85629549610024	3.31803337344092	2.27085225665138	3.40603591766463
KRT6A	2.02395136992943	1.9001297342446	2.10936725704002	2.3518199840618	1.86085310821091
KRT6B	3.72584960011266	2.64490192628032	3.22890405313578	2.38855589189773	2.59563518792465
KRT7	3.18082349666219	3.16575700158614	6.55924763331426	7.43564857331905	4.80329119416296
KRT8	6.85284099667428	6.67312969530208	9.51536990140813	8.10804782196694	5.34417716928513
KRT13	2.60187786662525	2.6287622768084	4.84060244957769	2.60187786662525	2.60187786662525
KRT14	5.18215018273938	3.60945237204246	4.39351112448148	3.11936483112497	4.42211568265768
RAB25	5.93619903753045	4.97858701779251	5.63773865860101	4.49198264001051	3.58312916994169
KRT15	5.10910808613818	3.30456028957675	8.44061604104805	2.78214754005077	3.48647059722626
KRT17	4.75684353987777	1.72506552912621	4.02354623187287	4.42223133690104	3.89400647075868
DSC3	3.14988056004378	2.34725607403457	2.64928182465991	2.15334018485439	2.57796072453157
PLAAT4	7.1878970135477	6.73939080876376	6.29691891391911	5.00417245360522	6.79209586548597
KRT18	8.78782292503956	9.32139532860273	11.84861903934	9.9271684075932	8.80683959029061
TMEM45A	5.25612695346352	3.45979616195224	3.09973746533678	7.71606650834313	3.44209764840215
DSG2	4.90483713452815	5.42139245640664	5.22484873692734	6.07321049316931	4.50115324525591
DSG3	3.1745234248913	2.56785234789573	2.91671837880138	2.2509462149228	2.46031507312916
UACA	5.53436855581855	4.24168639225128	5.53424242114883	7.0244274774281	6.15936544331104
DSP	5.65104481222811	6.66729052525781	4.37626352931083	6.39628844846832	2.91539209675348
KRT19	9.68289459291081	8.2263075836559	9.70518709433408	7.56605177459604	5.42182757325494
DOCK8	3.71167646822407	3.43670609254745	3.95640378617571	4.37787038287997	5.05454576927559
ARHGEF5	4.94520936205876	4.68846053349241	5.42901612570857	4.12390915700462	2.11625057270448
DTX1	3.73309343323444	3.09460014334084	2.83330138555292	4.16943397564038	3.27001358216674
TMEM51	6.61622286487224	4.97411379249784	5.03562167999203	5.88998608599822	5.27568788485484
DUSP4	8.51552665350297	6.09756129642475	7.73639071827052	7.69985791375168	5.57951269471044
TUSC3	4.02718690694324	7.16648540482701	5.28406446579565	7.01537575011164	4.07324895887073
DUSP5	7.66725023707764	8.77815073352616	6.70911376986914	7.20188560936943	6.53152194063906
TOM1L1	6.22690687143445	7.24418059131947	5.9724430748176	5.68188520449346	8.85765073839031
LDAF1	6.41243440776248	4.67953335839135	5.76154301784401	5.84764701130235	4.07881618335972
SH2D3C	4.90254148772866	3.47343604699214	4.39413987544947	4.78655389643713	5.27492783187716
LAMA3	4.96082486728359	3.381202765813	4.26269763944832	3.15488637356034	3.94432582782491
AP1M2	5.45601344909603	5.66280604684494	5.34978149441959	4.61840560566147	4.22495688364734
LAMB2	7.00838679523845	5.15592947029266	5.57977250070308	6.50465885370461	4.56926648939046
LAMB3	4.87661537351727	2.88227443974868	4.03272024824684	4.75413441493479	3.45453691298687
LAMC1	6.60719851546137	5.19782765203091	6.16737068059431	9.127248795464	6.02556904755071
LAMC2	3.67457406422763	1.984623478947	3.7799814910444	3.76761641502349	2.4795240465202
E2F2	3.56776944105264	4.49465965130837	4.04097460963595	3.77813053909217	4.38341755716567
ZNF101	4.25963100330965	7.54517078964856	4.72792851491117	5.33221219427711	5.17739186195463
LCK	2.37466723680629	2.49590062179808	2.60148549159151	3.55555450937823	4.76778767240487
ATP9A	5.00264813693624	5.4975512648246	3.80683843445767	4.55285665870757	4.08453293878808
LCP1	7.0374241133071	5.05537526173579	4.41098589467509	6.03305728117295	7.54231779288924
NUPR1	7.96996671408846	7.52663933922986	5.86464501849789	7.19081216539049	7.66454330615389
VPS37B	6.31702895863981	5.09751211362306	5.31910261767385	6.85256083363335	5.47198550126584
LDHB	9.5104523327771	12.1300637326022	9.71660310824311	12.5372043599749	9.99173379061755
EDN1	2.02144653283751	2.51896774607128	4.12906483017515	2.68019281681413	2.54179352393834
LGALS1	8.99409559363272	9.14581873847821	9.11788500112833	12.2096562399158	9.69576928495382
RGS16	5.32715493684725	5.82851912231683	6.84439287959069	8.3285683491063	6.88954238963767
LGALS3	7.88601456646224	5.9674306094716	9.78536397524538	8.37648376283745	8.37314797958466
LGALS3BP	8.73139784027222	7.67735588367178	7.88705500101525	6.86411559291317	5.82243961853107
FOSL1	2.77746206918619	2.90605455245278	3.63891362495097	3.45535798152526	3.93188795512787
PLEK2	5.15298623680823	3.69362267697408	5.42622445833513	8.32222393799988	4.38013089890576
MYOF	9.22717684437858	6.36413340228018	7.98547985373212	8.88037870158434	6.56587840373112
NTN4	6.54137818601344	4.41873597382232	5.3311621046613	3.78127546701212	4.74867133457165
OPTN	5.09448903081097	6.7670042262071	5.49800290442021	7.13124830918983	4.79999138111583
EFNA1	5.95427503094143	5.69913967234868	5.23168309317558	3.58931298313239	4.28273898731087
LLGL2	6.97126129769557	5.29287124346639	5.61209271069594	5.41123039170145	4.32708406112779
RAB34	6.55397600137857	7.91039885059041	7.22612713754693	7.55484004632855	11.2469860763043
LMNA	7.50059138550305	5.43557937567604	7.72590452519848	7.68895710528529	6.33280786065112
FRMD6	4.75289168613821	4.6314638359703	5.0379056921122	7.10311709263434	5.40382778770537
MICALL2	7.73723267619117	5.04298742009642	7.55337718715104	6.6659016751749	6.89404095577269
EGFR	3.06423576301937	2.54963525266051	2.77605005941683	3.89646847294115	2.94244007905448
LMO2	5.16582228087676	3.85984284077569	5.88676835396127	5.55478446886803	5.74701580354299
EGR1	5.49979968692725	5.25809115740137	8.03546979276369	7.8890448675976	7.56576135727377
CDCA7	5.26366180497157	6.71034520769263	5.2883423515355	5.99092712120646	5.40307425815555
LACTB2	6.43795754533892	7.54204501343689	7.08433819544598	6.68947602256481	5.84320012652558
LOX	3.72796068946458	2.95801932714598	3.45583989445188	7.48948792360826	4.75900817033811
EPHA2	4.14139538840105	3.5927271949393	4.40675177785888	5.0039164820692	3.55468742226141
KRTCAP3	3.99524364724361	4.61716309780413	4.62988082112265	3.6347135661362	3.21743347124733
KCTD3	8.98082212701805	8.85406045833593	8.69890862583398	7.5390720891413	8.24956647527307
IRAG2	4.15543183027962	3.56593388765382	4.37218261505917	4.44102212598035	5.18782257789986
PLEKHA1	6.27233910325176	4.86451527717632	4.53740734944629	6.76401602628301	5.37331056117751
ELF3	5.55923076585319	5.48144293620487	6.1104868815241	3.4043707447033	5.80669151954647
LTBP2	5.25802886136376	3.56825550085986	4.27746996294532	5.70555029831684	4.59834665016375
LTBR	5.49151030080543	4.93682592946163	5.8266956946436	5.34465541006419	5.21921041711735
SVIP	6.40773182632881	6.63089351445004	6.89890048686516	6.49419274430823	6.43088362690575
EMP1	4.1231047450489	3.05507496162363	5.10005435627068	6.52647759572339	5.42770261801947
MPZL2	4.28732740708128	3.08024243132154	4.23285755586907	3.9359383050123	2.70949131464695
EMP2	5.77253706461365	5.87479147521384	6.72720242141278	6.66850779940627	4.77545175754802
LUM	4.99179517695128	3.42209233459005	4.677900723435	8.70308839563904	5.29787849049261
CTTN	6.51813059539607	5.33856844493119	5.67672271348652	7.78813330977604	5.90762726879699
LYL1	5.25804876556558	3.14615878312872	4.0021669884854	4.17081524924224	5.59388855425608
LY75	3.67915905232706	3.37998645964947	5.44254948921607	3.55603406794659	3.73240243531963
TACSTD2	6.35639883164737	6.2195923519913	5.99378159208687	2.91119964249722	5.80852376385623
TM4SF1	4.49326005547973	4.6418943639848	6.92436469303211	2.96779083371581	4.77917092815284
EPCAM	6.28676273666766	5.76279179089011	5.99235600294293	6.8457415727334	5.14845815717753
CTDSPL	5.95430103216119	6.30464682894507	5.1971087598271	5.19033180108182	5.35342816306886
LEF1	6.97222212700133	3.00221505736787	6.08141339664338	5.38962215175492	5.86775927310478
TCEAL9	7.14982052175805	4.83737718693326	6.76570523239271	8.67338764706379	5.85197473175091
MARCKS	7.73612453427341	4.68934240423778	6.9346771335682	8.79093886824516	7.5320081196018
PHLDB2	3.65828877816114	3.16728513858842	5.99534048895881	5.89720460215036	5.1534312071114
TMEM40	2.56655025369877	2.41003036611852	4.65617446811814	4.4884348084097	2.31153948259713
SLC44A3	4.79197788681521	2.30702472789431	3.98335173957091	4.19483033336814	2.94318438290534
