symbol	TCGA-A2-A0EP-01A	TCGA-A2-A3XS-01A	TCGA-A2-A3XW-01A	TCGA-A2-A3XX-01A	TCGA-A2-A3XY-01A	TCGA-A2-A4S2-01A	TCGA-A7-A4SA-01A	TCGA-A7-A4SE-01A	TCGA-A7-A5ZV-01A	TCGA-A7-A5ZX-01A	TCGA-A8-A08X-01A	TCGA-A8-A09M-01A	TCGA-AQ-A54O-01A	TCGA-B6-A402-01A	TCGA-GM-A2DB-01A	TCGA-GM-A2DF-01A	TCGA-GM-A2DH-01A	TCGA-GM-A2DM-01A	TCGA-GM-A2DN-01A	TCGA-GM-A3XG-01A	TCGA-GM-A3XL-01A	TCGA-GM-A3XN-01A	TCGA-N5-A4RO-01A	TCGA-N9-A4PZ-01A	TCGA-NA-A4QW-01A
NLRP11	0	0	0	1	0	1	0	1	1	0	0	0	1	1	0	0	0	0	0	0	0	0	1	1	0
PIK3AP1	0	1	0	0	0	0	0	1	0	0	0	1	1	1	0	0	0	0	0	0	1	0	1	1	1
EPS8	0	0	0	1	0	0	0	1	1	0	0	0	1	0	0	0	0	0	0	0	0	0	1	0	1
NRIP1	0	0	0	1	0	0	0	0	0	0	0	0	1	1	0	1	1	0	0	0	0	0	1	1	0
SPRY2	0	1	0	1	0	1	1	0	0	0	1	0	0	0	0	1	0	0	0	0	1	0	1	1	1
PLBD1	0	0	0	1	0	0	0	1	1	0	0	0	1	0	0	0	0	0	0	0	0	0	1	0	1
FOXQ1	0	0	0	1	0	0	0	1	0	0	0	0	1	1	0	1	0	0	0	0	1	0	1	0	1
LARP6	0	1	0	1	0	0	0	1	0	0	0	1	0	0	0	0	0	0	0	0	0	0	1	0	1
CYBRD1	0	1	0	0	0	0	0	1	0	0	0	0	0	0	0	0	0	0	0	0	1	0	1	0	0
MAP1B	0	1	0	1	0	1	0	1	1	0	1	1	0	1	0	0	1	0	0	0	1	1	1	0	1
MATN2	0	1	0	1	1	1	1	1	1	0	1	1	1	1	0	1	0	0	0	0	1	0	1	1	1
MB	0	0	0	0	0	0	0	0	0	0	0	0	0	0	0	0	0	0	0	0	0	0	0	0	0
LAPTM4B	0	1	0	1	1	1	1	1	1	0	1	1	1	1	0	1	0	0	0	0	1	0	1	1	1
S100A14	0	0	0	1	1	1	0	1	1	1	1	0	1	1	0	0	0	0	1	0	1	1	1	1	0
ACTA2	0	1	0	0	0	0	1	1	0	0	0	1	1	1	0	0	0	0	0	0	1	0	1	1	1
TBC1D2	0	1	0	1	0	1	0	0	0	0	0	1	0	1	0	0	0	0	0	0	0	0	1	1	1
CEP15	0	0	0	1	0	0	1	1	0	0	0	1	1	0	1	0	0	0	0	0	1	0	1	1	1
MECOM	0	1	0	1	1	0	0	1	1	0	1	1	1	0	0	0	1	0	0	0	0	0	1	1	1
EVI2B	0	0	0	0	0	0	0	0	0	0	1	0	0	1	0	0	0	0	0	0	1	0	1	0	1
C1RL	0	0	0	1	0	0	0	1	1	0	0	0	1	0	0	0	0	0	0	0	1	0	1	0	1
GOLM1	0	1	0	1	0	1	0	0	0	0	0	1	0	1	0	0	0	0	0	0	0	0	1	1	1
RCSD1	0	0	0	1	0	1	0	0	1	1	1	1	1	1	0	0	0	0	1	0	1	1	1	1	0
EXT1	0	1	0	1	1	1	1	1	1	0	1	1	1	1	0	1	1	0	0	0	1	0	1	1	1
ACTN1	0	0	0	1	0	0	1	1	1	0	0	1	0	0	1	0	0	0	0	0	1	0	1	0	0
MND1	0	1	0	0	0	0	0	1	0	0	1	1	0	0	0	0	0	0	0	0	1	0	1	1	0
RRAS	0	0	0	1	0	1	0	1	0	0	0	0	1	1	0	0	0	0	0	0	0	0	1	1	0
MDK	0	0	0	1	0	0	0	1	1	0	0	0	0	1	0	0	0	0	0	0	0	0	1	0	1
WLS	0	1	0	0	0	1	0	1	1	0	0	0	0	1	0	0	0	0	0	0	1	0	1	1	0
ADA	0	1	0	1	0	1	1	1	1	0	0	1	1	0	0	0	0	0	0	0	0	0	1	1	0
ME1	0	0	0	0	0	0	0	1	0	0	0	1	1	1	0	1	1	0	0	0	0	1	1	1	1
F3	0	1	0	0	0	1	0	1	1	0	0	0	0	1	0	0	0	0	0	0	1	0	1	1	0
TRIM22	0	0	0	1	0	0	1	0	0	0	1	0	0	1	0	0	0	0	0	0	0	0	1	1	1
PPM1H	0	0	0	1	0	0	0	1	0	0	0	0	0	0	0	0	1	0	0	0	0	0	1	0	1
S100A2	0	0	0	1	1	1	0	1	1	1	1	0	1	1	0	0	0	0	1	0	1	1	1	1	0
TNFRSF12A	0	0	0	1	0	1	0	1	1	0	0	1	1	0	0	0	0	0	1	0	0	1	1	1	0
FZD6	0	1	1	1	1	1	1	1	1	0	1	1	1	1	0	1	1	0	0	0	1	0	1	1	1
ESRP2	0	0	0	1	0	0	1	1	1	1	0	1	1	0	0	0	0	0	1	0	0	1	1	0	1
ADM	0	0	0	1	0	0	1	1	1	0	1	0	0	1	0	0	0	0	0	0	0	0	1	1	1
S100A6	0	0	0	1	1	1	0	1	1	1	1	0	1	1	0	0	0	0	1	0	1	1	1	1	0
GLMP	0	0	0	1	1	1	0	1	1	1	1	0	1	1	0	0	0	0	1	0	1	1	1	1	0
ADORA2B	0	0	0	0	0	0	1	0	0	1	0	1	0	1	0	0	1	0	0	0	1	0	1	1	1
S100A10	0	1	0	1	1	1	0	1	1	1	1	0	1	1	0	0	0	0	1	0	1	1	1	1	0
MEST	0	0	0	0	0	0	1	1	1	0	0	0	1	1	1	1	0	0	0	0	1	0	1	1	0
S100A7	0	0	0	1	1	1	0	1	1	1	1	0	1	1	0	0	0	0	1	0	1	1	1	1	0
S100A13	0	0	0	1	1	1	0	1	1	1	1	0	1	1	0	0	0	0	1	0	1	1	1	1	0
FAP	0	1	0	0	0	0	0	1	0	0	0	0	0	0	0	0	0	0	0	0	1	0	1	0	0
SAA1	0	0	0	1	0	0	0	1	0	0	1	0	0	1	0	0	0	0	0	0	0	0	1	1	1
MFNG	0	0	0	0	0	0	0	0	0	0	0	0	0	0	0	0	0	0	0	0	0	0	0	0	0
FAT1	0	1	0	0	0	0	1	1	1	0	1	1	0	1	0	0	0	0	0	0	1	0	1	1	1
SYCP2	0	1	0	1	0	1	1	1	0	0	0	1	1	0	0	0	1	0	0	0	0	0	0	1	0
FAT2	0	1	0	1	0	1	0	0	0	0	1	0	0	0	0	0	1	0	0	0	0	1	1	1	1
EFEMP1	0	1	0	0	0	0	0	0	1	0	0	0	0	0	0	0	0	0	0	0	0	0	1	0	1
CAMK2N1	0	1	0	0	0	0	1	1	1	0	0	1	0	1	0	0	0	0	0	0	1	0	1	1	0
ADRB2	0	1	0	1	0	1	0	0	0	0	1	0	0	0	0	0	1	0	0	0	0	1	1	1	1
MYL9	0	1	0	1	0	1	1	1	1	0	0	1	1	0	0	0	0	0	0	0	0	0	1	1	0
HOOK1	0	1	0	0	0	1	0	1	1	0	0	1	0	1	0	0	0	0	0	0	0	0	1	1	0
MGST1	0	0	0	1	0	0	1	1	0	0	0	0	1	0	0	0	0	0	0	0	0	0	1	0	1
AEBP1	0	0	0	0	0	0	0	1	1	0	1	0	1	1	1	0	0	0	0	0	1	0	0	1	1
BASP1	0	1	0	1	0	1	0	1	1	0	0	0	1	1	0	0	1	0	0	0	1	1	1	1	1
IFITM3	0	0	0	0	0	0	0	0	0	0	0	0	0	0	0	0	0	0	0	0	0	0	0	0	0
YAP1	0	0	0	1	0	1	1	1	1	0	0	1	1	0	0	0	0	0	0	0	0	0	1	0	1
SERPINB3	0	0	0	1	0	0	1	1	1	0	0	0	0	1	0	0	0	0	0	0	0	0	1	1	1
SNX7	0	1	0	0	0	1	0	1	1	0	0	0	0	0	0	0	0	0	0	0	1	0	1	1	0
MID1	0	0	0	0	0	0	0	0	0	0	0	0	0	0	0	0	0	0	0	0	0	0	0	0	0
OSBPL1A	0	0	0	1	0	0	1	1	1	0	0	0	0	1	0	0	0	0	0	0	0	0	1	0	0
MLF1	0	1	0	0	0	0	0	1	1	0	1	1	1	0	0	0	1	0	0	0	1	0	1	1	1
AHR	0	0	0	0	0	0	0	1	1	0	0	0	1	1	1	0	1	0	0	0	1	0	1	0	1
AK4	0	1	0	0	0	1	0	1	1	0	0	1	0	1	0	0	0	0	0	0	0	0	1	1	0
BIN2	0	0	0	1	0	0	0	1	0	0	0	0	0	0	0	0	0	0	0	0	0	0	1	0	1
SRPX	0	0	0	0	0	0	0	0	0	0	0	0	0	0	0	0	0	0	0	0	0	0	0	0	0
MMP1	0	0	0	1	0	1	1	1	1	0	0	1	1	0	0	0	0	0	0	0	1	0	1	1	1
GPNMB	0	0	0	0	0	0	0	1	0	0	0	0	1	1	1	0	1	0	0	0	1	0	1	0	1
ALDH1A1	0	1	0	1	0	1	0	0	0	0	0	1	0	1	0	0	0	0	0	0	1	0	1	1	1
FBXO32	0	1	0	1	1	1	1	1	1	0	1	1	1	1	0	1	0	0	0	0	1	0	1	1	1
ALDH1A3	0	1	0	1	0	0	1	1	0	0	0	1	0	0	0	0	0	0	0	0	1	0	1	0	1
BCAR3	0	1	0	0	0	1	0	1	1	0	0	0	0	1	1	0	0	0	0	0	1	0	1	1	0
MMP7	0	0	0	1	0	1	1	1	1	0	0	1	1	0	0	0	0	0	0	0	1	0	1	1	1
ZCCHC7	0	1	0	1	0	1	0	0	0	0	1	1	0	1	0	0	1	0	0	0	1	0	1	1	0
ALDH3A2	0	0	0	0	0	0	0	0	0	1	0	1	0	1	0	0	1	0	0	0	1	0	1	1	1
MMP10	0	0	0	1	0	1	1	1	1	0	0	1	1	0	0	0	0	0	0	0	1	0	1	1	1
FHL2	0	1	0	0	0	0	0	1	0	0	0	0	0	0	0	0	0	0	0	0	0	0	1	1	1
MMP14	0	0	0	1	0	0	0	1	0	0	0	0	0	0	1	0	0	0	0	0	0	0	1	1	0
PRKAG2	0	0	0	0	0	0	1	1	1	0	0	0	1	1	1	1	1	0	0	0	1	0	0	1	1
SNX9	0	0	0	0	0	0	0	0	0	0	0	1	1	1	1	1	1	0	0	0	1	1	0	1	1
SDC1	0	1	0	0	0	0	1	0	1	0	0	0	0	1	0	0	0	0	0	0	0	0	1	0	1
SDC4	0	1	0	1	0	1	1	1	1	0	0	1	1	0	0	0	0	0	0	0	0	0	1	1	0
CAP2	0	1	0	1	0	0	0	1	1	0	0	0	1	1	1	1	0	0	0	0	0	0	1	0	1
FOXF2	0	0	0	1	0	0	0	1	0	0	0	0	1	1	0	1	0	0	0	0	1	0	1	0	1
STEAP1	0	0	0	0	0	0	0	0	1	0	0	0	1	1	0	1	0	0	0	0	0	0	1	1	0
FOXC1	0	0	0	1	0	0	0	1	0	0	0	0	1	1	0	1	0	0	0	0	1	0	1	0	1
GULP1	0	1	0	0	0	0	0	1	0	0	0	0	0	0	0	0	0	0	0	0	0	0	1	0	0
MUC20	0	1	0	1	1	0	0	1	1	0	0	1	1	0	0	0	1	0	0	0	1	0	1	1	1
SELL	0	0	0	1	0	1	1	0	1	1	1	1	1	1	0	0	0	0	1	0	1	1	1	1	0
FLI1	0	0	0	1	0	1	1	1	1	0	0	1	1	0	0	0	0	0	0	0	1	0	1	1	1
EVL	0	0	0	1	0	0	0	1	0	0	0	1	0	0	1	0	0	0	0	0	1	0	1	1	1
NID2	0	0	0	1	0	0	1	1	1	0	0	0	0	0	1	0	0	0	0	0	1	0	1	0	0
FLNB	0	0	0	1	0	0	1	1	0	0	0	1	1	0	1	0	0	0	0	0	1	0	1	1	1
SELENOP	0	1	0	1	0	1	0	1	1	0	0	0	0	1	0	0	1	0	0	0	1	1	1	1	1
SELENOW	0	0	0	0	0	1	0	1	0	0	0	0	1	1	0	0	0	0	0	0	0	0	1	1	0
LIMA1	0	0	0	1	0	0	0	1	0	0	0	0	0	0	0	0	0	0	0	0	0	0	1	0	1
SHROOM3	0	0	0	0	0	0	0	1	0	0	0	0	1	1	0	0	0	0	0	0	0	0	1	0	1
ASRGL1	0	0	0	1	0	0	0	1	0	0	0	0	0	0	0	0	0	0	0	0	0	0	1	1	1
ITPRIPL2	0	0	0	1	0	1	0	1	1	0	0	1	1	0	0	0	0	0	1	0	0	1	1	0	0
ATF5	0	0	0	1	0	1	0	1	1	0	0	0	1	1	0	0	0	0	0	0	0	0	1	1	0
ANGPT1	0	1	0	1	1	1	1	1	1	0	1	1	1	1	0	1	1	0	0	0	1	0	1	1	1
FN1	0	1	0	0	0	0	0	1	0	0	0	1	0	0	1	0	0	0	0	0	1	0	1	0	0
ANK3	0	1	0	0	0	0	0	1	1	0	0	0	1	1	0	0	0	0	0	0	1	0	1	1	1
ARHGAP23	0	0	0	0	0	0	0	0	0	0	0	0	0	0	0	0	0	0	0	0	1	0	1	0	1
PHLDA1	0	0	0	1	0	0	0	1	0	0	0	1	0	0	0	0	0	0	0	0	0	0	1	0	1
EMB	0	0	0	1	0	1	0	1	0	0	0	0	0	1	0	0	0	0	0	0	1	1	1	0	1
ANXA1	0	1	0	1	0	1	0	0	0	0	0	1	0	1	0	0	0	0	0	0	1	0	1	1	1
GPX8	0	1	0	1	0	1	1	1	1	0	1	1	0	1	0	0	1	0	0	0	1	1	1	0	0
ANXA2	0	1	0	1	0	0	0	1	0	0	0	0	0	0	0	0	0	0	0	0	0	0	1	0	1
SGK1	0	1	0	0	0	0	0	1	0	0	0	0	1	1	0	0	1	0	0	0	1	1	1	1	1
FOS	0	0	0	1	0	0	1	1	1	0	0	1	0	0	1	0	0	0	0	0	1	0	1	1	0
ANXA3	0	0	0	0	0	0	0	1	0	0	0	0	0	0	0	0	0	0	0	0	0	0	1	0	1
DDX60	0	1	0	0	0	0	0	1	0	0	1	1	0	1	0	0	0	0	0	0	1	0	1	1	0
RHOBTB3	0	1	0	1	0	1	0	1	1	0	1	1	0	1	0	0	1	0	0	0	0	1	1	1	1
ANXA4	0	1	0	0	0	0	0	0	1	0	1	0	0	0	0	0	0	0	0	0	0	0	1	0	1
TENT5A	0	0	0	0	0	0	0	1	1	0	0	1	1	1	0	1	1	0	0	0	0	1	1	1	1
AGR2	0	0	0	0	0	0	0	1	1	0	0	0	1	1	1	0	1	0	0	0	1	0	1	0	1
RUBCNL	0	0	0	1	0	1	1	1	0	0	0	1	0	0	0	0	1	0	0	0	1	0	1	1	1
HTATIP2	0	0	0	1	0	0	0	1	0	0	0	0	0	1	0	0	0	0	0	0	0	0	1	1	1
ENC1	0	1	0	1	0	1	0	1	1	0	1	1	0	1	0	0	1	0	0	0	1	1	1	0	1
FERMT1	0	1	0	0	0	1	1	1	1	0	0	0	1	1	0	0	0	0	0	0	0	0	1	1	1
DOCK10	0	1	0	0	0	0	0	1	0	0	0	1	0	0	1	0	1	0	0	0	0	0	1	0	0
STAP2	0	0	0	1	0	1	0	1	1	0	0	1	0	1	0	0	0	0	0	0	1	0	1	1	0
PRXL2A	0	1	0	0	0	0	1	1	0	0	0	0	1	1	0	0	0	0	0	0	1	0	1	0	1
IFITM1	0	0	0	0	0	0	0	0	0	0	0	0	0	0	0	0	0	0	0	0	0	0	0	0	0
MYO1B	0	1	0	0	0	0	0	1	0	0	0	1	0	0	0	0	0	0	0	0	0	0	1	0	0
CCDC80	0	1	0	1	0	0	0	0	1	0	0	1	1	0	0	0	1	0	0	0	1	0	1	1	0
ST6GAL1	0	1	0	1	1	0	0	1	1	0	0	1	1	0	0	0	1	0	0	0	1	0	1	1	1
YBX3	0	0	0	1	0	0	0	1	1	0	0	0	1	0	0	0	0	0	0	0	1	0	1	0	1
IFITM2	0	0	0	0	0	0	0	0	0	0	0	0	0	0	0	0	0	0	0	0	0	0	0	0	0
TMC4	0	0	0	1	0	1	0	1	1	0	0	0	1	1	0	0	0	0	0	0	0	0	1	1	0
APP	0	0	0	1	0	0	0	0	0	0	0	0	0	1	0	1	1	0	0	0	0	0	1	0	0
PIR	0	0	0	0	0	0	0	0	0	0	0	0	0	0	0	0	0	0	0	0	0	0	0	0	0
SHTN1	0	1	0	0	0	0	1	1	0	0	0	1	1	1	1	0	0	0	0	0	1	0	1	0	1
ZHX2	0	1	0	1	1	1	1	1	1	0	1	1	1	1	0	1	0	0	0	0	1	0	1	1	1
SLA	0	1	0	1	1	1	1	1	1	0	1	1	1	1	0	0	0	0	0	0	1	0	1	1	0
HVCN1	0	0	0	1	0	0	0	1	0	0	0	0	0	0	0	0	0	0	0	0	1	0	1	0	1
WDFY4	0	1	0	0	0	0	1	1	1	0	0	0	1	1	0	0	0	0	0	0	1	0	1	0	1
CDC42EP3	0	1	0	0	0	0	0	0	1	0	0	0	0	1	0	0	0	0	0	0	0	0	1	0	1
ST6GALNAC2	0	0	0	0	0	0	0	0	1	0	0	1	1	0	0	0	0	0	0	0	1	0	1	1	1
GPR160	0	1	0	1	1	0	0	1	1	0	1	1	1	0	0	0	1	0	0	0	0	0	1	1	1
AREG	0	0	0	0	0	0	0	1	0	0	0	0	0	0	0	0	0	0	0	0	0	0	1	0	1
CYFIP2	0	0	0	1	0	1	0	0	1	0	1	0	0	0	0	0	1	0	0	0	0	1	1	1	1
PDLIM4	0	1	0	1	0	1	0	1	0	0	1	1	0	1	0	0	1	0	0	0	0	1	1	1	1
MSN	0	0	0	0	0	0	0	0	0	0	0	0	0	0	0	0	0	0	0	0	0	0	0	0	0
RND3	0	1	0	0	0	0	0	1	0	0	0	0	0	0	0	0	0	0	0	0	1	0	1	0	1
ARHGDIB	0	0	0	1	0	0	0	1	1	0	0	0	1	0	0	0	0	0	0	0	0	0	1	0	1
MT1E	0	0	0	1	0	0	1	1	1	1	0	0	1	0	0	0	0	0	1	0	0	1	1	0	1
LSR	0	1	0	1	0	1	0	1	0	0	0	0	1	1	0	0	0	0	0	0	0	0	1	1	1
IGF2BP2	0	1	0	1	1	0	0	1	1	0	1	1	1	0	0	0	1	0	0	0	1	0	1	1	1
RGS20	0	1	0	1	1	1	1	1	1	0	1	1	1	1	0	0	0	0	0	0	1	0	1	1	1
SH2D4A	0	1	0	1	1	1	1	1	1	0	1	1	0	1	0	0	1	0	0	0	1	0	1	1	1
SPINT2	0	1	0	1	0	1	0	1	0	0	0	0	1	0	1	0	0	0	0	0	0	0	1	1	0
DKK1	0	1	0	0	0	0	0	0	1	0	0	0	1	1	0	0	0	0	0	0	1	0	1	0	1
KHDRBS3	0	1	0	1	1	1	1	1	1	0	1	1	1	1	1	1	0	0	0	0	1	0	1	1	0
CELF2	0	1	0	0	0	0	1	1	1	0	1	0	0	1	0	1	0	0	0	0	0	0	1	1	1
PLPP2	0	0	0	1	0	1	0	1	0	0	0	1	0	1	0	0	0	0	0	0	0	0	1	0	0
PTGR1	0	1	0	1	0	1	0	1	1	0	0	1	0	1	0	0	0	0	0	0	0	0	1	1	1
PLPP3	0	1	0	0	0	1	0	1	1	0	0	1	0	1	0	0	0	0	0	0	0	0	1	1	0
STC2	0	0	0	1	0	1	1	0	0	0	1	0	0	0	0	0	1	0	0	0	0	1	1	0	1
GALNT11	0	0	0	0	0	0	1	1	1	0	0	0	1	1	1	1	1	0	0	0	1	0	0	1	1
CNKSR3	0	0	0	0	0	0	0	0	0	0	0	1	1	1	1	1	1	0	0	0	1	1	1	1	1
ENAH	0	0	0	1	0	1	1	1	1	1	1	1	1	1	0	0	0	0	1	0	0	1	1	1	1
ASPH	0	1	0	1	1	1	1	1	1	0	1	1	1	1	0	0	0	0	0	0	0	0	1	1	1
PARVA	0	0	0	1	0	0	1	1	1	0	1	0	0	1	0	0	0	0	0	0	0	0	1	1	1
SNAI2	0	1	0	1	1	1	1	1	1	0	1	0	1	1	0	0	0	0	0	0	1	0	1	1	1
FTH1	0	0	0	1	0	0	0	1	0	0	0	0	0	0	0	0	0	0	0	0	0	0	1	1	1
CLEC2D	0	0	0	1	0	0	0	1	1	0	0	0	1	0	0	0	0	0	0	0	1	0	1	0	1
SMARCA1	0	0	0	0	0	0	0	0	0	0	0	0	0	0	0	0	0	0	0	0	0	0	0	0	0
TIFA	0	0	0	0	0	0	1	1	0	0	1	0	0	0	0	0	0	0	0	0	1	0	1	0	1
TSPAN13	0	0	0	0	0	0	0	1	1	0	0	0	1	1	1	0	1	0	0	0	1	0	1	0	1
OASL	0	0	0	1	0	0	1	1	0	0	0	0	0	0	0	0	0	0	0	0	1	0	1	0	1
DLK2	0	1	0	1	0	1	1	1	1	0	1	0	1	1	0	1	1	0	0	0	0	0	1	1	1
ULBP2	0	0	0	0	0	0	0	0	0	0	0	0	1	1	1	0	1	0	0	0	1	1	1	1	1
HES4	0	0	0	0	0	0	0	0	0	0	0	0	0	0	0	0	0	0	0	0	0	0	0	0	0
RASEF	0	1	0	1	0	1	0	0	0	0	0	1	0	1	0	0	0	0	0	0	0	0	1	1	1
DHX32	0	0	0	0	1	0	1	1	0	0	0	1	1	1	1	0	1	0	0	0	1	0	1	1	1
TRAF3IP3	0	0	0	1	0	1	1	1	1	1	1	1	1	1	0	0	0	0	1	0	0	1	1	1	1
FUCA2	0	0	0	0	0	1	0	0	0	0	0	0	1	1	1	0	1	0	0	0	1	1	1	1	1
LIMCH1	0	1	0	0	0	0	0	1	1	0	1	1	0	1	0	0	0	0	0	0	0	0	1	1	1
ZNF83	0	0	0	1	0	1	0	1	1	0	0	0	1	1	0	0	0	0	0	0	0	0	1	1	0
PROSER2	0	1	0	0	0	0	1	1	1	0	1	0	0	1	0	1	0	0	0	0	0	0	1	1	1
ATP1B1	0	0	0	1	0	1	1	0	1	1	1	1	1	1	0	0	0	0	1	0	1	1	1	1	0
FYN	0	0	0	0	0	0	0	1	0	0	0	1	1	1	0	0	1	0	0	0	0	1	1	1	1
DCBLD2	0	1	0	1	0	0	0	1	1	0	0	1	1	0	1	0	0	0	0	0	1	0	1	1	0
PALLD	0	1	0	0	0	0	0	1	0	0	1	1	0	1	0	0	0	0	0	0	1	0	1	1	0
DKK3	0	0	0	1	0	0	1	1	1	0	1	0	0	1	0	0	0	0	0	0	0	0	1	1	1
AHNAK2	0	0	0	1	0	0	0	1	0	0	0	1	0	0	1	0	0	0	0	0	1	0	1	1	1
MYB	0	1	0	0	0	0	0	1	0	0	0	0	1	1	0	0	1	0	0	0	1	1	1	1	1
CD276	0	1	0	1	0	0	0	1	0	0	0	1	0	0	0	0	0	0	0	0	0	0	1	1	0
GRAP	0	0	0	0	0	0	0	0	0	1	0	1	0	1	0	0	1	0	0	0	1	0	1	1	1
MYO1G	0	0	0	0	0	0	0	1	1	0	1	0	1	1	1	0	0	0	0	0	1	0	0	1	1
SOX9	0	0	0	0	0	0	0	0	1	0	0	1	1	0	0	0	0	0	0	0	1	0	1	1	1
RNF130	0	0	0	1	0	1	1	0	0	0	0	0	0	0	0	0	1	0	0	0	1	1	1	0	1
POGLUT3	0	0	0	1	0	1	1	1	1	0	0	1	1	0	0	0	0	0	0	0	1	0	1	1	1
PLK2	0	1	0	1	0	1	1	1	1	0	1	1	0	1	0	0	1	0	0	0	1	1	1	0	0
SPARC	0	1	0	1	0	1	0	0	0	0	1	0	0	0	0	0	1	0	0	0	0	1	1	1	1
MYLK	0	1	0	1	0	0	0	0	1	1	0	1	1	0	0	0	1	1	0	0	1	0	1	1	0
GALNT3	0	1	0	0	0	0	0	1	0	0	0	0	0	0	1	0	0	0	0	0	1	0	1	0	0
EAF2	0	1	0	1	0	0	0	0	1	1	0	1	1	0	0	0	1	1	0	0	1	0	1	1	0
MYO1C	0	0	0	0	0	0	1	1	0	1	0	0	0	1	1	0	1	0	0	0	1	0	1	1	1
NCKAP1	0	1	0	0	0	0	0	1	0	0	0	0	0	0	0	0	0	0	0	0	0	0	1	0	0
SPINT1	0	1	0	1	0	0	0	1	1	0	0	0	0	0	0	0	1	0	0	0	1	0	1	1	1
MYO6	0	0	0	0	0	0	0	0	0	0	0	0	1	1	0	1	1	0	0	0	0	1	1	1	1
SPR	0	1	0	0	0	0	0	0	1	0	0	0	0	0	0	0	0	0	0	0	0	0	1	0	1
DOCK11	0	0	0	0	0	0	0	0	0	0	0	0	0	0	0	0	0	0	0	0	0	0	0	0	0
AXL	0	1	0	0	0	1	0	1	0	0	0	0	1	1	1	0	0	0	0	0	0	0	1	1	0
ADAM9	0	1	0	1	1	1	1	1	1	0	1	0	1	1	0	1	0	0	0	0	1	0	1	1	1
BEX1	0	0	0	0	0	0	0	0	0	0	0	0	0	0	0	0	0	0	0	0	0	0	0	0	0
PXDC1	0	0	0	1	0	0	0	1	1	0	1	0	1	1	0	1	0	0	0	0	1	0	1	0	1
STARD10	0	0	0	1	0	0	0	1	1	0	0	0	0	0	0	0	0	0	0	0	1	0	1	1	1
GAS6	0	1	0	1	0	1	1	0	0	0	1	1	0	0	0	1	0	0	0	0	0	0	1	0	1
SUSD3	0	1	0	1	0	1	0	0	0	0	0	1	0	1	0	0	0	0	0	0	0	0	1	1	1
GATA6	0	0	0	1	0	0	1	1	1	0	0	0	0	1	0	0	0	0	0	0	0	0	1	0	0
C19orf33	0	1	0	1	0	1	0	1	0	0	0	0	1	0	1	0	0	0	0	0	0	0	1	1	0
GBP1	0	1	0	0	0	1	0	1	1	0	0	0	0	0	0	0	0	0	0	0	0	0	1	1	0
GBP3	0	1	0	0	0	1	0	1	1	0	0	0	0	0	0	0	0	0	0	0	0	0	1	1	0
SEC11C	0	0	0	1	0	0	1	0	1	0	0	0	0	1	0	0	0	0	0	0	0	0	1	1	1
NCF4	0	0	0	0	0	0	0	0	0	0	0	0	0	0	0	0	0	0	0	0	0	0	0	0	0
GPRC5C	0	0	0	0	0	0	0	0	1	0	0	1	1	0	0	0	0	0	0	0	1	0	1	1	1
CCND1	0	0	0	1	0	0	0	1	1	0	0	0	1	0	0	0	0	0	0	0	1	0	1	1	1
NRROS	0	1	0	1	1	0	0	1	1	0	0	1	1	0	0	0	1	0	0	0	1	0	1	1	1
SIX4	0	0	0	1	0	0	1	1	1	0	0	0	0	0	1	0	0	0	0	0	1	0	1	1	0
SAMSN1	0	0	0	1	0	0	0	0	0	0	0	0	1	1	0	1	1	0	0	0	0	0	1	1	0
SCEL	0	1	0	1	0	1	1	0	0	0	0	0	0	0	0	0	0	0	0	0	1	0	1	1	1
MBOAT2	0	1	0	0	0	0	1	0	1	0	0	0	0	1	0	0	0	0	0	0	0	0	1	0	1
TNFRSF21	0	1	0	1	0	0	1	1	1	0	1	0	1	1	0	1	1	0	0	0	0	0	1	1	1
GLCCI1	0	0	0	0	0	0	0	1	1	0	0	0	1	1	1	0	1	0	0	0	1	0	1	0	1
TMBIM1	0	1	0	0	0	0	0	1	0	0	0	1	0	0	1	0	0	0	0	0	1	0	1	0	0
NMU	0	0	0	0	0	0	0	1	0	0	1	0	0	1	0	0	0	0	0	0	0	0	1	1	0
BLM	0	1	0	1	0	0	1	1	0	0	0	1	0	0	0	0	0	0	0	0	1	0	1	0	1
BLVRA	0	0	0	0	0	0	0	1	1	0	1	0	1	1	1	0	0	0	0	0	1	0	0	1	1
BLVRB	0	1	0	0	0	1	0	1	0	0	0	0	1	1	1	0	0	0	0	0	0	0	1	1	0
BNC1	0	1	0	1	0	0	1	1	0	0	0	1	0	0	0	0	0	0	0	0	1	0	1	0	1
TUBB6	0	0	0	1	0	0	1	1	1	0	0	0	0	1	0	0	0	0	0	0	0	0	1	0	0
BMP4	0	0	0	1	0	0	1	1	1	0	0	0	0	0	1	0	0	0	0	0	1	0	1	0	0
RFTN1	0	0	0	1	0	0	0	1	1	0	0	0	1	0	1	0	0	0	0	0	1	0	1	1	0
ASAP2	0	1	0	0	0	0	1	0	1	0	0	0	0	1	0	0	0	0	0	0	0	0	1	0	1
SRPX2	0	0	0	0	0	0	0	0	0	0	0	0	0	0	0	0	0	0	0	0	0	0	0	0	0
SULF2	0	1	0	1	1	1	1	1	1	0	0	1	1	0	0	0	0	0	0	0	0	0	1	1	0
GJB5	0	1	0	0	0	0	0	1	1	0	0	1	0	1	0	0	0	0	0	0	0	0	1	1	0
CYFIP1	0	0	0	0	0	0	0	0	0	0	0	0	0	0	0	0	0	0	0	0	0	0	0	0	0
FOXL2	0	1	0	1	0	0	0	1	1	0	0	1	1	0	0	0	1	0	0	0	1	0	1	1	0
GNG12	0	1	0	0	0	1	0	1	1	0	0	0	0	1	0	0	0	0	0	0	1	0	1	1	0
BAIAP2L1	0	0	0	0	0	0	0	1	1	0	0	0	1	1	1	1	0	0	0	0	0	0	1	1	0
IER3	0	1	0	1	0	0	0	1	0	0	0	0	1	1	1	1	0	0	0	0	0	0	1	0	1
NFIB	0	1	0	1	0	1	1	1	1	0	1	1	0	0	1	0	1	0	0	0	1	0	1	1	1
SQSTM1	0	0	0	1	0	1	1	0	0	0	0	0	0	0	0	0	1	0	0	0	1	1	1	0	1
KLF5	0	1	0	1	0	1	1	0	0	0	0	0	0	0	0	0	1	0	0	0	1	0	1	1	1
GLI3	0	0	0	0	0	0	0	1	1	0	0	0	1	1	1	0	0	0	0	0	1	0	0	1	1
BTK	0	0	0	0	0	0	0	0	0	0	0	0	0	0	0	0	0	0	0	0	0	0	0	0	0
SVIL	0	1	0	0	0	0	1	1	1	0	1	0	0	1	0	1	0	0	0	0	0	0	1	0	1
SYK	0	1	0	1	0	1	0	0	0	0	0	1	0	1	0	0	0	0	0	0	0	0	1	1	1
TSPO	0	0	0	0	0	0	0	0	0	0	0	0	0	0	0	0	0	0	0	0	0	0	0	0	0
P2RY10	0	0	0	0	0	0	0	0	0	0	0	0	0	0	0	0	0	0	0	0	0	0	0	0	0
TMEM131L	0	1	0	0	0	0	0	1	0	0	1	1	0	0	0	0	0	0	0	0	1	0	1	1	0
C1R	0	0	0	1	0	0	0	1	1	0	0	0	1	0	0	0	0	0	0	0	1	0	1	0	1
C1S	0	0	0	1	0	0	0	1	1	0	0	0	1	0	0	0	0	0	0	0	1	0	1	0	1
C3	0	0	0	1	0	1	0	1	1	0	0	0	0	1	0	0	0	0	0	0	1	0	1	1	0
GNA11	0	0	0	1	0	1	0	1	1	0	0	1	0	1	0	0	0	0	0	0	1	0	1	1	0
POPDC3	0	0	0	0	0	0	0	1	1	0	0	1	1	1	0	1	1	0	0	0	0	1	1	1	1
SGCE	0	0	0	0	0	0	0	0	1	0	0	0	1	1	1	1	0	0	0	0	1	0	1	1	0
GNAI1	0	0	0	0	0	0	0	0	1	0	0	0	1	1	0	1	0	0	0	0	0	0	1	1	0
CKAP4	0	0	0	1	0	0	0	1	0	0	0	0	0	0	0	0	0	0	0	0	1	0	1	0	1
TAF4B	0	0	0	1	0	0	1	1	1	0	0	0	0	1	0	0	0	0	0	0	0	0	1	0	0
TAGLN	0	0	0	1	0	1	1	1	1	0	0	1	1	0	0	0	0	0	0	0	1	0	1	1	1
TAF5	0	1	0	0	0	0	0	1	0	0	0	1	1	1	0	0	0	0	0	0	1	0	1	1	1
NME3	0	0	0	1	0	1	0	1	1	0	0	1	1	0	0	0	0	0	1	0	0	1	1	0	0
FERMT2	0	0	0	1	0	0	1	1	1	0	0	0	0	0	1	0	0	0	0	0	1	0	1	0	0
BEX2	0	0	0	0	0	0	0	0	0	0	0	0	0	0	0	0	0	0	0	0	0	0	0	0	0
RTL8C	0	0	0	0	0	0	0	0	0	0	0	0	0	0	0	0	0	0	0	0	0	0	0	0	0
RAB32	0	0	0	0	0	0	0	0	0	0	0	0	1	1	1	0	1	0	0	0	1	1	1	1	1
CAMSAP2	0	0	0	1	0	1	1	1	1	1	1	1	1	1	0	0	0	0	1	0	0	1	1	1	1
NQO2	0	0	0	1	0	0	0	1	1	0	1	0	1	1	1	1	0	0	0	0	1	0	1	0	1
NLRC3	0	0	0	1	0	1	0	1	1	0	0	1	1	0	0	0	0	0	1	0	0	1	1	0	0
WWC1	0	0	0	1	0	1	0	0	1	0	1	0	0	0	0	0	1	0	0	0	0	1	1	1	1
ADGRA3	0	1	0	0	0	0	0	1	1	0	1	1	0	1	0	0	0	0	0	0	1	0	1	1	1
SLC27A2	0	1	0	1	0	0	0	1	1	0	0	0	0	0	0	0	1	0	0	0	1	0	1	1	1
SFN	0	1	0	0	0	0	0	1	1	0	0	1	0	1	0	0	0	0	0	0	0	0	1	1	0
KDELR3	0	0	0	0	0	0	0	0	0	0	0	0	0	0	0	0	0	0	0	0	0	0	0	0	0
DDR1	0	1	0	1	0	0	1	1	0	0	0	0	1	1	1	1	1	0	0	0	0	0	1	0	1
TCF7L2	0	0	0	1	0	0	1	0	1	0	0	0	0	1	0	0	0	0	0	0	0	0	1	1	1
P4HA2	0	1	0	1	0	1	0	1	0	0	1	1	0	1	0	0	1	0	0	0	0	1	1	1	1
TCF3	0	0	0	1	0	1	0	1	1	0	0	1	0	1	0	0	0	0	0	0	1	0	1	1	0
RAB31	0	0	0	1	0	0	1	1	1	0	0	0	0	1	0	0	0	0	0	0	0	0	1	0	0
ZEB1	0	1	0	0	0	0	1	1	1	0	1	0	0	1	0	1	0	0	0	0	0	0	1	0	1
TRIM2	0	1	0	0	0	0	0	1	0	0	1	1	0	0	0	0	0	0	0	0	1	0	1	1	0
RAB17	0	1	0	0	0	0	0	1	0	0	0	1	0	0	0	0	1	0	0	0	1	0	1	0	0
CALD1	0	0	0	0	0	0	1	1	1	0	0	0	1	1	1	1	0	0	0	0	1	0	1	1	1
PIM2	0	0	0	0	0	0	0	0	0	0	0	0	0	0	0	0	0	0	0	0	0	0	0	0	0
GAS2L3	0	0	0	1	0	0	0	1	0	0	0	0	0	0	0	0	0	0	0	0	1	0	1	0	1
NT5E	0	0	0	0	0	0	0	1	0	0	0	1	1	1	0	1	1	0	0	0	0	1	1	1	1
CAPG	0	1	0	0	0	0	0	1	1	0	0	0	0	0	0	0	0	0	0	0	0	0	0	0	1
CAPN2	0	0	0	1	0	1	1	1	1	1	1	1	1	1	0	0	0	0	1	0	0	1	1	1	1
CNTRL	0	1	0	1	0	1	0	1	1	0	0	0	0	1	0	0	0	0	0	0	0	0	1	1	1
GPX2	0	0	0	1	0	0	1	1	1	0	0	1	0	0	1	0	0	0	0	0	1	0	1	0	0
CLIC3	0	1	0	1	0	1	0	0	1	0	0	0	0	1	0	0	0	0	0	0	1	0	1	1	1
CAST	0	1	0	1	0	1	0	1	1	0	1	1	0	1	0	0	1	0	0	0	0	1	1	1	1
CASP1	0	0	0	1	0	1	1	1	1	0	0	1	1	0	0	0	0	0	0	0	1	0	1	1	1
AKNA	0	1	0	1	0	1	0	1	1	0	0	1	0	1	0	0	0	0	0	0	0	0	1	1	1
NFKBIZ	0	1	0	1	0	0	0	1	1	0	0	1	1	0	0	0	1	0	0	0	1	0	1	1	0
FCRLA	0	0	0	1	1	1	0	0	1	1	1	0	1	1	0	0	0	0	1	0	1	1	1	1	0
ODC1	0	1	0	0	0	0	1	0	1	0	0	0	0	1	0	0	0	0	0	0	0	0	1	0	1
CAV2	0	0	0	0	0	0	1	1	1	0	0	0	1	1	1	1	0	0	0	0	0	0	1	1	0
PRSS23	0	0	0	1	0	1	1	1	0	0	0	1	0	0	0	0	0	0	0	0	1	0	1	1	1
GPRC5A	0	0	0	1	0	0	0	1	1	0	0	0	1	0	0	0	0	0	0	0	0	0	1	0	1
TEAD4	0	0	0	1	0	0	0	1	1	0	0	0	1	0	0	0	0	0	0	0	1	0	1	0	1
MAP7	0	1	0	0	0	0	0	0	0	0	0	0	1	1	0	0	1	0	0	0	1	1	1	1	1
CBFA2T3	0	0	0	1	0	0	1	1	1	1	1	1	1	0	0	0	0	0	1	0	0	1	1	0	1
RUNX3	0	1	0	0	0	0	0	1	0	0	0	1	0	1	0	0	0	0	0	0	0	0	1	1	0
PAPSS2	0	1	0	0	0	0	1	1	0	1	0	1	1	1	0	0	0	0	0	0	1	0	1	1	1
SERPINH1	0	0	0	1	0	0	0	1	1	0	0	0	0	0	0	0	0	0	0	0	1	0	1	1	1
CXCL2	0	0	0	0	0	0	0	1	0	0	0	0	0	1	0	0	0	0	0	0	0	0	1	0	1
CXCL1	0	0	0	0	0	0	0	1	0	0	0	0	0	1	0	0	0	0	0	0	0	0	1	0	1
CBR1	0	0	0	1	0	0	0	0	0	0	0	0	0	1	0	1	1	0	0	0	0	0	1	0	0
NR2F2	0	1	0	1	0	0	1	1	0	0	0	1	0	0	0	0	0	0	0	0	1	0	1	0	1
CLDN1	0	1	0	1	1	0	0	1	1	0	0	1	1	0	0	0	1	0	0	0	1	0	1	1	1
GSN	0	1	0	1	0	1	0	1	1	0	0	0	0	1	0	0	0	0	0	0	0	0	1	1	1
TBC1D8	0	1	0	0	0	0	0	1	0	0	0	0	0	0	0	0	0	0	0	0	0	0	1	1	1
TGFBI	0	1	0	1	0	1	0	1	0	0	1	1	0	1	0	0	1	0	0	0	0	1	1	1	1
TGIF1	0	0	0	1	0	0	1	1	0	0	0	0	0	1	0	0	0	0	0	0	0	0	1	0	1
SLC22A18	0	0	0	1	0	0	1	0	0	0	1	0	0	1	0	0	0	0	0	0	0	0	0	1	1
COL18A1	0	0	0	1	0	0	0	1	0	0	0	0	0	1	0	1	0	0	0	0	0	0	1	0	0
CORO1A	0	0	0	1	0	1	0	1	1	0	0	0	1	0	0	0	0	0	1	0	0	1	1	0	1
THBS1	0	1	0	1	0	0	0	1	1	0	0	0	0	0	0	0	1	0	0	0	1	0	1	1	1
THBS2	0	0	0	0	0	0	0	1	0	0	0	1	1	1	1	1	1	0	0	0	1	1	1	1	1
CD3D	0	0	0	1	0	1	1	1	1	0	0	1	1	0	0	0	0	0	0	0	1	0	1	1	1
SH3PXD2B	0	0	0	1	0	1	0	0	1	0	1	0	0	0	0	0	1	0	0	0	0	1	1	0	1
FSTL1	0	1	0	1	0	0	0	0	1	1	0	1	1	0	0	0	1	1	0	0	1	0	1	1	0
CD9	0	0	0	1	0	0	0	1	1	0	0	0	1	0	0	0	0	0	0	0	1	0	1	0	1
P2RX5	0	0	0	0	0	0	1	1	0	1	0	0	0	1	0	0	1	0	0	0	1	0	1	1	1
SLC16A3	0	0	0	0	0	0	0	0	1	0	0	1	1	0	0	0	0	0	0	0	1	0	1	1	1
PDLIM1	0	1	0	0	0	0	0	1	0	0	0	1	1	1	0	0	0	0	0	0	1	0	1	1	1
TIMP2	0	0	0	0	0	0	0	0	1	0	0	1	1	0	0	0	0	0	0	0	1	0	1	1	1
TIMP3	0	0	0	0	0	0	0	0	0	0	0	0	0	0	0	0	0	0	0	0	0	0	0	0	0
TJP1	0	1	0	1	0	0	0	1	1	0	0	0	0	0	0	0	1	0	0	0	1	0	1	1	1
MAP4K1	0	1	0	1	0	1	0	1	0	0	0	0	1	1	1	0	0	0	0	0	0	0	1	1	0
GYPC	0	1	0	0	0	0	0	1	0	0	0	0	0	0	0	0	0	0	0	0	0	0	1	1	0
PKP3	0	0	0	0	0	0	0	0	0	0	0	0	0	0	0	0	0	0	0	0	0	0	0	0	0
QPRT	0	0	0	1	0	1	0	1	1	0	0	0	1	0	0	0	0	0	1	0	0	1	1	0	1
LRP11	0	0	0	0	0	0	0	0	0	0	0	0	1	1	1	0	1	0	0	0	1	1	1	1	1
SCARB2	0	0	0	0	0	0	0	1	0	0	0	0	0	0	0	0	0	0	0	0	0	0	1	0	1
SERPINE1	0	0	0	0	0	0	1	1	1	0	0	0	1	1	1	1	0	0	0	0	0	0	1	1	0
ERRFI1	0	1	0	0	0	0	1	1	0	0	0	1	0	0	1	0	0	0	0	0	1	0	1	1	0
CD44	0	0	0	1	0	0	0	1	1	0	0	0	0	1	0	0	0	0	0	0	0	0	1	1	1
TSPAN6	0	0	0	0	0	0	0	0	0	0	0	0	0	0	0	0	0	0	0	0	0	0	0	0	0
CD48	0	0	0	1	1	1	0	1	1	1	1	0	1	1	0	0	0	0	1	0	1	1	1	1	0
CD53	0	1	0	0	0	1	0	1	0	0	0	0	0	1	0	0	0	0	0	0	0	0	1	1	0
TSPAN8	0	0	0	1	0	0	0	1	0	0	0	0	0	0	0	0	0	0	0	0	0	0	1	0	1
ANXA10	0	1	0	0	0	0	0	1	0	0	1	1	0	1	0	0	0	0	0	0	1	0	1	1	0
SERPINB2	0	0	0	1	0	0	1	1	1	0	0	1	0	1	0	0	0	0	0	0	0	0	1	1	1
CD59	0	0	0	1	0	0	0	1	1	0	0	0	0	1	0	0	0	0	0	0	0	0	1	1	1
CD70	0	0	0	1	0	1	0	1	1	0	0	0	0	1	0	0	0	0	0	0	1	0	1	1	0
CD72	0	1	0	1	0	1	0	0	0	0	1	1	0	1	0	0	1	0	0	0	1	0	1	1	0
CD74	0	1	0	1	0	1	0	0	0	0	1	0	0	0	0	0	1	0	0	0	0	1	1	1	1
PAM	0	1	0	1	0	1	0	1	1	0	1	1	0	1	0	0	1	0	0	0	0	1	1	1	0
CD151	0	0	0	1	0	0	1	0	0	0	1	0	0	1	0	0	0	0	0	0	0	0	1	1	1
AVPI1	0	1	0	0	0	0	0	1	0	0	0	1	1	1	0	0	0	0	0	0	1	0	1	1	1
PAWR	0	0	0	1	0	0	0	1	0	0	0	1	0	0	0	0	0	0	0	0	0	0	1	0	1
CDA	0	1	0	0	0	0	1	1	1	0	0	1	0	1	0	0	0	0	0	0	1	0	1	1	0
SEMA3A	0	0	0	0	0	0	0	0	1	0	0	0	1	1	0	1	0	0	0	0	0	0	1	1	0
TNFAIP3	0	1	0	0	0	0	0	0	0	0	0	0	1	1	0	0	1	0	0	0	1	1	1	1	1
PRR15	0	0	0	0	0	0	0	1	0	0	0	0	1	1	1	0	1	0	0	0	1	0	0	1	1
CDC25A	0	0	0	1	0	0	1	1	1	0	0	1	1	0	1	0	0	0	0	0	1	0	1	0	0
AJUBA	0	0	0	1	0	0	0	1	0	0	0	0	0	0	1	0	0	0	0	0	0	0	1	1	0
TNNT1	0	0	0	1	0	1	0	1	1	0	0	0	1	1	0	0	0	0	0	0	0	0	1	1	0
PCBD1	0	1	0	0	0	0	1	1	0	0	0	0	1	1	0	0	0	0	0	0	1	0	1	1	1
ARHGAP45	0	0	0	1	0	1	0	1	1	0	0	1	0	1	0	0	0	0	0	0	0	0	1	1	0
CDH1	0	0	0	1	0	0	1	1	1	1	0	1	1	0	0	0	0	0	1	0	0	1	1	1	1
CDH3	0	0	0	1	0	0	1	1	1	1	0	1	1	0	0	0	0	0	1	0	0	1	1	0	1
PCDH9	0	1	0	1	0	1	1	0	0	0	0	0	0	0	0	1	1	0	0	0	1	0	1	1	1
AGRN	0	0	0	0	0	0	0	0	0	0	0	0	0	0	0	0	0	0	0	0	0	0	0	0	0
HCLS1	0	1	0	1	0	0	0	0	1	1	0	1	1	0	0	0	1	1	0	0	1	0	1	1	0
CDH13	0	0	0	1	0	0	1	1	1	1	0	1	1	0	0	0	0	0	1	0	0	1	1	0	1
TPBG	0	0	0	0	0	0	0	1	1	0	0	1	1	1	0	1	1	0	0	0	0	1	1	1	1
FILIP1L	0	1	0	1	0	0	0	1	1	0	0	1	1	0	1	0	0	0	0	0	1	0	1	1	0
CFH	0	0	0	1	0	1	1	1	1	1	1	1	1	1	0	0	0	0	1	0	0	1	1	1	1
CDS1	0	0	0	0	0	0	0	1	0	0	1	0	0	1	0	0	0	0	0	0	0	0	1	0	1
TCEAL3	0	0	0	0	0	0	0	0	0	0	0	0	0	0	0	0	0	0	0	0	0	0	0	0	0
CFAP251	0	0	0	1	0	0	1	1	0	0	0	0	0	0	0	0	0	0	0	0	1	0	1	0	1
CEBPD	0	1	0	1	1	1	1	1	1	0	1	0	1	1	0	0	0	0	0	0	1	0	1	1	1
DHRS3	0	1	0	0	0	0	1	1	1	0	0	1	0	0	1	0	0	0	0	0	1	0	1	1	0
HLA-DMA	0	1	0	1	0	0	1	1	0	0	0	0	1	1	1	1	1	0	0	0	0	0	1	0	1
TRIP6	0	0	0	0	0	0	1	1	1	0	0	0	1	1	1	1	0	0	0	0	0	0	1	1	0
HLA-DMB	0	1	0	1	0	0	1	1	0	0	0	0	1	1	1	1	1	0	0	0	0	0	1	0	1
HLA-DPA1	0	1	0	1	0	0	1	1	0	0	0	0	1	1	1	1	1	0	0	0	0	0	1	0	1
HLA-DPB1	0	1	0	1	0	0	1	1	0	0	0	0	1	1	1	1	1	0	0	0	0	0	1	0	1
CFL2	0	0	0	1	0	0	1	1	1	0	0	0	0	1	1	0	0	0	0	0	1	0	1	0	0
APOBEC3G	0	0	0	0	0	0	0	0	0	0	0	0	0	0	0	0	0	0	0	0	0	0	0	0	0
MGLL	0	1	0	1	0	0	0	0	1	1	0	1	1	0	0	0	1	1	0	0	1	0	1	1	0
ARHGAP30	0	0	0	1	1	1	0	1	1	1	1	0	1	1	0	0	0	0	1	0	1	1	1	1	0
SSBP2	0	1	0	1	0	1	0	1	1	0	1	1	0	1	0	0	1	0	0	0	1	1	1	1	1
ATP8B1	0	0	0	1	0	0	1	0	1	0	0	0	0	1	0	0	0	0	0	0	0	0	1	1	1
CD83	0	1	0	1	0	0	0	1	1	0	0	0	1	1	1	1	0	0	0	0	0	0	1	0	1
CHI3L2	0	1	0	0	0	1	0	1	0	0	0	0	0	1	0	0	0	0	0	0	0	0	1	1	0
KLF4	0	1	0	1	0	1	0	1	0	0	0	1	0	1	0	0	0	0	0	0	0	0	1	1	1
VPREB3	0	0	0	0	0	0	0	0	0	0	0	0	0	0	0	0	0	0	0	0	0	0	0	0	0
NIBAN3	0	0	0	1	0	1	0	1	1	0	0	0	1	0	0	0	0	0	0	0	0	0	1	0	1
TUBB2A	0	0	0	1	0	0	0	1	1	0	1	0	1	1	1	1	0	0	0	0	1	0	1	0	1
KRT80	0	0	0	1	0	0	0	1	0	0	0	0	0	0	0	0	0	0	0	0	0	0	1	0	1
GCSAM	0	1	0	1	0	0	0	0	1	0	0	1	1	0	0	0	1	0	0	0	1	0	1	1	0
OVOL2	0	1	0	0	0	1	1	1	1	0	0	1	1	1	0	0	1	0	0	0	0	0	1	1	1
RAB38	0	0	0	1	0	1	1	1	0	0	0	1	0	0	0	0	0	0	0	0	1	0	1	1	1
SERPINB6	0	0	0	1	0	0	0	1	1	0	1	0	1	1	1	1	0	0	0	0	1	0	1	0	1
SERPINE2	0	1	0	0	0	0	0	1	0	0	0	1	0	0	1	0	0	0	0	0	0	0	1	0	0
OAF	0	0	0	1	0	1	1	1	1	0	0	1	1	0	0	0	0	0	0	0	1	0	1	1	1
PIK3CG	0	0	0	0	0	0	1	1	1	0	0	0	1	1	1	1	0	0	0	0	0	0	1	1	0
AHNAK	0	0	0	1	0	0	0	1	0	0	0	0	0	0	0	0	0	0	0	0	0	0	1	1	1
RASSF4	0	1	0	0	0	1	1	1	1	0	0	1	1	1	0	0	1	0	0	0	0	0	1	1	1
LPXN	0	0	0	1	0	0	0	1	1	0	0	0	1	0	0	0	0	0	0	0	0	0	1	1	1
PVRIG	0	0	0	0	0	0	1	1	1	0	0	0	1	1	1	1	0	0	0	0	0	0	1	1	0
ARHGAP29	0	1	0	0	0	1	0	1	1	0	0	0	0	1	0	0	0	0	0	0	1	0	1	1	0
PKP2	0	0	0	1	0	0	0	1	1	0	0	0	0	0	0	0	0	0	0	0	0	0	1	0	1
DNAJC12	0	1	0	0	0	0	1	1	0	0	0	0	1	1	0	0	0	0	0	0	1	0	1	1	1
OCIAD2	0	1	0	0	0	0	0	1	0	0	0	1	0	1	0	0	0	0	0	0	0	0	1	1	0
SLAIN1	0	1	0	1	0	1	1	0	0	0	0	0	0	0	0	1	0	0	0	0	1	0	1	1	1
BAMBI	0	1	0	0	0	0	1	1	1	0	1	0	0	1	0	1	0	0	0	0	0	0	1	0	1
PIMREG	0	0	0	0	0	0	1	1	0	1	0	1	0	1	0	0	1	0	0	0	1	0	1	1	1
PLAT	0	1	0	1	1	1	1	1	1	0	1	0	1	0	0	1	0	0	0	0	1	0	1	1	1
PLAU	0	1	0	0	0	0	1	1	0	0	0	0	1	1	0	0	0	0	0	0	0	0	1	0	1
HES1	0	1	0	1	1	0	0	1	1	0	0	1	1	0	0	0	1	0	0	0	1	0	1	1	1
UPP1	0	0	0	0	0	0	0	1	1	0	1	0	1	1	1	0	0	0	0	0	0	0	0	1	1
PLAUR	0	1	0	0	0	1	0	1	0	0	0	0	1	1	1	0	0	0	0	0	0	0	1	1	0
PLCG2	0	0	0	1	0	0	1	1	1	1	0	1	1	0	0	0	0	0	1	0	1	1	1	0	1
TNFAIP8	0	1	0	1	0	1	0	1	1	0	1	1	0	1	0	0	1	0	0	0	0	1	1	1	1
CHST2	0	1	0	1	0	0	0	1	1	0	1	1	1	0	0	0	1	0	0	0	1	0	1	1	1
NEURL1B	0	0	0	1	0	1	0	0	1	0	1	0	0	0	0	0	1	0	0	0	0	1	1	0	1
BACE2	0	0	0	1	0	0	0	1	0	0	0	0	1	1	0	1	0	0	0	0	0	0	1	0	0
RBM47	0	1	0	0	0	0	0	1	1	0	1	1	0	1	0	0	0	0	0	0	0	0	1	1	1
HSPA1A	0	1	0	1	0	0	1	1	0	0	0	0	1	1	1	1	0	0	0	0	0	0	1	0	1
PLOD2	0	1	0	1	0	0	0	1	1	0	1	1	1	0	0	0	1	0	0	0	1	0	1	1	1
HSPA1B	0	1	0	1	0	0	1	1	0	0	0	0	1	1	1	1	0	0	0	0	0	0	1	0	1
HSPA2	0	0	0	1	0	0	1	1	1	0	0	1	0	0	1	0	0	0	0	0	1	0	1	0	0
AIM2	0	0	0	1	1	1	0	1	1	1	1	0	1	1	0	0	0	0	1	0	1	1	1	1	0
ITM2A	0	0	0	0	0	0	0	0	0	0	0	0	0	0	0	0	0	0	0	0	0	0	0	0	0
PLOD1	0	1	0	0	0	0	1	1	1	0	0	1	0	0	1	0	0	0	0	0	1	0	1	1	0
PLS3	0	0	0	0	0	0	0	0	0	0	0	0	0	0	0	0	0	0	0	0	0	0	0	0	0
PLSCR1	0	1	0	1	0	0	0	1	1	0	1	1	1	0	0	0	1	0	0	0	1	0	1	1	1
VAV1	0	0	0	1	0	1	0	1	1	0	0	0	0	1	0	0	0	0	0	0	1	0	1	1	0
CNN3	0	1	0	0	0	1	0	1	1	0	0	0	0	1	0	0	0	0	0	0	1	0	1	1	0
PRXL2C	0	1	0	1	0	1	0	0	0	0	0	1	0	1	0	0	0	0	0	0	0	0	1	1	1
DSE	0	0	0	0	0	0	0	1	0	0	0	0	1	1	0	0	1	0	0	0	0	1	1	1	1
TEX19	0	0	0	0	0	0	0	0	1	0	0	1	1	0	0	0	0	0	0	0	1	0	1	1	1
APBB1IP	0	1	0	0	0	0	1	1	1	0	1	0	0	1	0	1	0	0	0	0	0	0	1	1	1
COL1A1	0	0	0	0	0	0	0	0	0	0	0	1	1	1	0	0	0	0	0	0	0	0	1	1	1
COL1A2	0	0	0	0	0	0	0	0	1	0	0	0	1	1	1	1	0	0	0	0	1	0	1	1	0
VEGFC	0	1	0	0	1	0	1	1	1	0	1	1	0	1	0	0	0	0	0	0	1	0	1	1	1
COL3A1	0	1	0	0	0	0	0	1	0	0	0	0	0	0	0	0	0	0	0	0	0	0	1	0	0
COL4A1	0	1	0	1	0	1	1	0	0	0	1	1	0	0	0	1	0	0	0	0	0	0	1	0	1
PMP22	0	0	0	0	0	0	1	0	0	1	0	1	0	1	0	0	1	0	0	0	1	0	1	1	1
COL4A2	0	1	0	1	0	1	1	0	0	0	1	1	0	0	0	1	0	0	0	0	0	0	1	0	1
COL4A5	0	0	0	0	0	0	0	0	0	0	0	0	0	0	0	0	0	0	0	0	0	0	0	0	0
VIM	0	1	0	0	0	0	1	1	1	0	1	0	0	1	0	1	0	0	0	0	0	0	1	1	1
FKBP10	0	0	0	0	0	0	0	0	0	0	0	0	0	0	0	0	0	0	0	0	0	0	1	0	1
COL5A1	0	1	0	1	0	1	0	0	1	0	0	0	0	1	0	0	0	0	0	0	0	0	1	1	1
FNDC3B	0	1	0	1	1	0	0	1	1	0	1	1	1	0	0	0	1	0	0	0	1	0	1	1	1
COL5A2	0	1	0	0	0	0	0	1	0	0	0	0	0	0	0	0	0	0	0	0	0	0	1	0	0
COL7A1	0	0	0	1	0	0	1	1	1	0	0	1	1	0	1	0	0	0	0	0	1	0	1	0	0
COL8A1	0	1	0	1	0	0	0	1	1	0	0	1	1	0	1	0	0	0	0	0	1	0	1	1	0
VRK1	0	0	0	1	0	0	1	1	0	0	0	1	0	0	1	0	0	0	0	0	1	0	1	1	1
COL11A1	0	1	0	0	0	1	0	1	1	0	0	0	0	0	0	0	0	0	0	0	1	0	1	1	0
VSNL1	0	1	0	0	0	0	1	0	1	0	0	0	0	1	0	0	0	0	0	0	0	0	1	0	1
COL17A1	0	1	0	0	0	0	1	1	0	0	0	1	1	1	0	0	0	0	0	0	1	0	1	1	1
WIPF1	0	1	0	0	0	0	0	1	0	0	0	0	0	0	0	0	0	0	0	0	1	0	1	0	0
S100A16	0	0	0	1	1	1	0	1	1	1	1	0	1	1	0	0	0	0	1	0	1	1	1	1	0
RHOD	0	0	0	1	0	0	0	1	1	0	0	0	1	0	0	0	0	0	0	0	1	0	1	1	1
LAT2	0	0	0	0	0	0	0	1	1	0	0	0	1	1	1	0	0	0	0	0	0	0	1	1	0
TNC	0	1	0	1	0	1	0	1	1	0	0	1	0	1	0	0	0	0	0	0	0	0	1	1	1
LITAF	0	0	0	1	0	1	0	1	1	0	0	1	1	0	0	0	0	0	1	0	0	1	1	1	0
GDF15	0	0	0	1	0	1	0	1	1	0	0	0	1	0	0	0	0	0	0	0	0	0	1	1	0
ICA1	0	0	0	0	0	0	0	1	1	0	0	0	1	1	1	0	1	0	0	0	1	0	1	0	1
ICAM2	0	0	0	0	0	0	0	0	1	0	0	1	1	0	0	0	0	0	0	0	0	0	1	1	1
EFEMP2	0	0	0	1	0	0	0	1	0	0	0	0	0	0	0	0	0	0	0	0	0	0	1	0	1
BAG3	0	1	0	0	0	0	1	1	0	0	0	1	1	1	1	0	0	0	0	0	1	0	1	0	1
GMFG	0	1	0	1	0	1	0	1	0	0	0	0	1	1	1	0	0	0	0	0	0	0	1	1	0
IRF8	0	0	0	1	0	0	1	1	1	1	0	1	1	0	0	0	0	0	1	0	0	1	1	0	1
ID1	0	1	0	1	0	1	1	1	1	0	0	0	1	0	0	0	1	0	0	0	0	0	1	1	0
ID2	0	1	0	0	0	0	1	0	1	0	0	0	0	1	0	0	0	0	0	0	0	0	1	0	1
POU2AF1	0	0	0	1	0	1	1	1	1	0	0	1	1	0	0	0	0	0	0	0	1	0	1	1	1
NPDC1	0	1	0	1	0	1	0	0	1	0	1	0	0	1	0	0	0	0	0	0	1	0	1	1	1
WWTR1	0	1	0	1	0	0	0	1	1	0	1	1	1	0	0	0	1	0	0	0	1	0	1	1	1
CLDN4	0	0	0	0	0	0	0	1	1	0	0	0	1	1	1	0	0	0	0	0	0	0	1	1	0
CLDN7	0	0	0	0	0	0	1	1	0	1	0	1	0	1	0	0	1	0	0	0	1	0	1	1	1
NIBAN2	0	1	0	1	0	1	0	1	1	0	1	0	0	1	0	0	0	0	0	0	0	0	1	1	1
PPARG	0	0	0	1	0	0	0	1	1	0	0	0	1	0	1	1	0	0	0	0	1	0	1	1	0
GTF2IRD1	0	0	0	0	0	0	0	1	1	0	0	0	1	1	0	0	0	0	0	0	0	0	1	1	0
CDCP1	0	0	0	1	0	0	1	1	1	0	0	1	1	0	1	0	0	0	0	0	1	0	1	1	0
IFI16	0	0	0	1	1	1	0	1	1	1	1	0	1	1	0	0	0	0	1	0	1	1	1	1	0
IFI27	0	0	0	1	0	0	1	1	0	0	0	1	0	0	1	0	0	0	0	0	1	0	1	1	1
YES1	0	0	0	1	0	0	1	1	0	0	0	0	0	1	0	0	0	0	0	0	0	0	1	0	1
SP110	0	1	0	0	0	0	0	1	0	0	0	1	0	0	0	0	1	0	0	0	0	0	0	0	0
PPIC	0	1	0	1	0	1	0	1	1	0	1	1	0	1	0	0	1	0	0	0	0	1	1	1	1
CRABP2	0	0	0	1	1	1	0	1	1	1	1	0	1	1	0	0	0	0	1	0	1	1	1	1	0
IFIT1	0	1	0	0	0	0	1	1	0	0	0	1	1	1	0	0	0	0	0	0	1	0	1	1	1
ADGRA2	0	1	0	1	1	1	1	1	1	0	1	0	1	1	0	1	0	0	0	0	1	0	1	1	1
CRAT	0	1	0	1	0	1	0	1	1	0	0	0	0	1	0	0	0	0	0	0	0	0	1	1	1
FAM83H	0	1	0	1	1	1	1	1	1	0	0	1	1	1	0	0	0	0	0	0	1	0	1	1	0
MISP	0	0	0	1	0	1	0	1	1	0	0	1	0	1	0	0	0	0	0	0	0	0	1	1	0
ZNF22	0	0	0	0	0	0	1	1	1	0	1	0	1	1	0	0	0	0	0	0	0	0	1	0	1
ME2	0	0	0	0	0	0	0	0	0	0	0	0	0	0	0	0	0	0	0	0	0	0	0	0	0
SPATS2L	0	1	0	0	0	0	0	1	0	0	0	1	0	0	0	0	0	0	0	0	0	0	1	0	0
RASAL3	0	0	0	1	0	1	0	1	1	0	0	0	0	0	0	0	0	0	0	0	0	0	1	0	1
IGFBP6	0	0	0	1	0	0	0	1	0	0	0	0	0	0	0	0	0	0	0	0	0	0	1	0	1
PPP3CA	0	1	0	0	0	1	0	1	0	0	0	0	0	0	0	0	0	0	0	0	0	0	1	1	0
ARHGEF10	0	1	0	0	1	1	1	1	0	0	1	1	0	1	0	0	0	0	0	0	1	0	1	1	1
RHPN2	0	1	0	1	1	1	0	1	0	0	0	0	1	1	0	0	0	0	0	0	0	0	1	1	0
SRGN	0	1	0	0	0	0	1	1	0	0	0	0	1	1	0	0	0	0	0	0	1	0	1	1	1
FAM210B	0	1	0	1	0	1	1	1	1	0	0	1	1	1	0	0	1	0	0	0	0	0	0	1	0
DEF6	0	1	0	1	0	0	1	1	0	0	0	0	1	1	1	1	1	0	0	0	0	0	1	0	1
CST3	0	1	0	0	0	1	1	1	1	0	0	0	1	0	0	0	1	0	0	0	0	0	1	1	1
RAB11FIP5	0	1	0	0	0	0	0	0	1	0	0	0	0	0	0	0	0	0	0	0	0	0	1	0	1
PRKCB	0	0	0	1	0	1	0	1	1	0	0	0	1	1	0	0	0	0	1	0	0	1	1	0	1
CTBP2	0	0	0	0	1	0	1	1	0	0	0	1	1	1	1	0	0	0	0	0	1	0	1	1	1
RAI14	0	1	0	1	0	1	0	1	1	0	0	0	0	1	0	0	1	0	0	0	0	1	1	1	1
CCN2	0	1	0	0	0	0	0	0	0	0	0	0	1	1	0	0	1	0	0	0	1	1	1	1	1
LY6K	0	1	0	1	1	1	1	1	1	0	0	1	1	1	0	0	0	0	0	0	1	0	1	1	0
IGLL1	0	0	0	0	0	0	0	0	0	0	0	0	0	0	0	0	0	0	0	0	0	0	0	0	0
CTNNA1	0	1	0	1	0	1	0	0	0	0	1	0	0	1	0	0	1	0	0	0	0	1	1	1	1
SLFN11	0	0	0	0	0	0	0	0	0	0	0	0	0	0	0	0	0	0	0	0	1	0	1	0	1
PRKCZ	0	0	0	0	0	0	0	0	0	0	0	0	0	0	0	0	0	0	0	0	0	0	0	0	0
IL1B	0	1	0	0	0	0	0	1	0	0	0	0	0	0	0	0	0	0	0	0	0	0	1	1	1
CTSB	0	1	0	1	1	1	1	1	1	0	1	1	0	1	0	0	0	0	0	0	1	0	1	1	1
NEXN	0	1	0	0	0	1	0	1	1	0	0	0	0	1	0	0	0	0	0	0	0	0	1	1	0
CTSH	0	1	0	1	0	0	0	1	0	0	0	1	0	0	0	0	0	0	0	0	1	0	1	0	1
CTSL	0	1	0	1	0	1	0	0	0	0	0	1	0	1	0	0	0	0	0	0	0	0	1	1	1
CTSV	0	1	0	1	0	1	0	0	0	0	0	1	0	1	0	0	0	0	0	0	0	0	1	1	1
CTSS	0	1	0	1	1	1	0	1	1	1	1	0	1	1	0	0	0	0	1	0	1	1	1	1	0
CTSZ	0	1	0	1	0	1	1	1	0	0	0	1	1	1	0	0	1	0	0	0	0	0	0	1	0
PRNP	0	1	0	0	0	1	1	1	1	0	0	0	1	1	0	0	0	0	0	0	0	0	1	1	1
CYB5A	0	0	0	1	0	0	1	1	1	0	0	1	0	1	0	0	0	0	0	0	1	0	1	1	0
CYBA	0	0	0	1	0	0	1	1	1	1	1	1	1	0	0	0	0	0	1	0	0	1	1	0	1
PRRG1	0	0	0	0	0	0	0	0	0	0	0	0	0	0	0	0	0	0	0	0	0	0	0	0	0
SRXN1	0	1	0	0	0	1	1	1	1	0	0	0	1	1	0	0	0	0	0	0	1	0	1	1	1
LGMN	0	0	0	1	0	0	1	1	0	0	0	1	0	0	1	0	0	0	0	0	1	0	1	1	1
IL13RA1	0	0	0	0	0	0	0	0	0	0	0	0	0	0	0	0	0	0	0	0	0	0	0	0	0
TLCD1	0	0	0	0	0	0	0	0	0	0	1	0	0	1	0	0	0	0	0	0	1	0	1	0	1
ARHGAP32	0	0	0	1	0	1	1	1	1	0	0	1	1	0	0	0	0	0	0	0	1	0	1	1	1
ACAP1	0	0	0	0	0	0	1	1	0	1	0	1	0	1	0	0	1	0	0	0	1	0	1	1	1
LYPD6B	0	1	0	0	0	0	0	1	0	0	0	0	0	0	0	0	0	0	0	0	1	0	1	0	1
HTRA1	0	0	0	0	1	0	1	1	0	0	0	1	1	1	1	0	0	0	0	0	1	0	1	1	1
RIPOR2	0	1	0	1	0	0	0	1	1	0	0	0	1	1	1	1	0	0	0	0	0	0	1	1	1
TES	0	0	0	0	0	0	1	1	1	0	0	0	1	1	1	1	0	0	0	0	0	0	1	1	0
EPPK1	0	1	0	1	1	1	1	1	1	0	0	1	1	1	0	0	0	0	0	0	1	0	1	1	0
INHBA	0	0	0	0	0	0	0	1	1	0	0	0	1	1	1	0	0	0	0	0	1	0	0	1	1
INHBB	0	1	0	0	0	0	0	1	0	0	0	0	0	0	0	0	0	0	0	0	0	0	1	1	1
RASSF2	0	1	0	0	0	1	1	1	1	0	0	0	1	1	0	0	0	0	0	0	0	0	1	1	1
INPP1	0	1	0	0	0	0	0	1	0	0	0	1	0	0	0	0	0	0	0	0	0	0	1	0	0
GIMAP2	0	0	0	0	0	0	1	1	1	0	0	0	1	1	1	1	1	0	0	0	1	0	0	1	1
CYP24A1	0	1	1	1	1	1	1	1	1	0	0	1	1	1	0	0	0	0	0	0	0	0	0	1	0
RIMS3	0	1	0	0	0	0	0	1	1	0	0	1	0	1	0	0	0	0	0	0	0	0	1	1	0
EML6	0	1	0	0	0	0	0	0	1	0	0	0	0	0	0	0	0	0	0	0	0	0	1	0	1
SYTL2	0	0	0	1	0	1	1	1	1	0	0	1	0	0	0	0	0	0	0	0	1	0	1	1	1
TCIM	0	1	0	1	1	1	1	1	1	0	1	0	1	1	0	1	0	0	0	0	1	0	1	1	1
PSMB8	0	1	0	1	0	0	1	1	0	0	0	0	1	1	1	1	0	0	0	0	0	0	1	0	1
PSMB9	0	1	0	1	0	0	1	1	0	0	0	0	1	1	1	1	0	0	0	0	0	0	1	0	1
CD55	0	0	0	1	0	1	1	1	1	1	1	1	1	1	0	0	0	0	1	0	0	1	1	1	1
ITGA6	0	1	0	0	0	0	0	1	0	0	0	0	0	0	0	0	0	0	0	0	1	0	1	0	0
SLCO1B3	0	0	0	1	0	0	1	1	0	0	0	0	1	0	0	0	0	0	0	0	0	0	1	0	1
THAP10	0	1	0	1	0	0	0	1	0	0	0	1	0	0	0	0	0	0	0	0	0	0	1	0	1
PTPN22	0	1	0	0	0	1	0	1	1	0	0	0	0	1	0	0	0	0	0	0	0	0	1	1	0
IRF6	0	0	0	1	0	1	1	1	1	1	1	1	1	1	0	0	0	0	1	0	0	1	1	1	1
ARMH1	0	1	0	0	0	0	0	1	1	0	0	1	0	1	0	0	0	0	0	0	0	0	1	1	0
SERINC2	0	1	0	0	0	0	0	1	1	0	0	1	0	1	0	0	0	0	0	0	0	0	1	1	1
ITGA2	0	1	0	1	0	1	0	1	1	0	1	1	0	1	0	0	1	0	0	0	1	1	1	0	0
ITGA4	0	1	0	0	0	0	0	1	0	0	0	0	0	0	0	0	0	0	0	0	0	0	1	0	0
DCK	0	0	0	0	0	0	0	1	0	0	0	0	0	0	0	0	0	0	0	0	0	0	1	0	1
ITGAL	0	0	0	1	0	1	0	1	1	0	0	0	1	0	0	0	0	0	1	0	0	1	1	0	1
SOWAHC	0	1	0	0	0	0	0	1	0	0	0	0	0	0	0	0	0	0	0	0	0	0	1	1	1
ITGB1	0	1	0	0	0	0	1	1	0	0	1	0	0	1	0	1	0	0	0	0	0	0	1	0	1
PMEPA1	0	1	0	1	0	1	1	1	0	0	0	1	1	1	0	0	1	0	0	0	0	0	0	1	0
PTGFRN	0	0	0	0	0	0	0	1	1	0	0	0	0	0	0	0	0	0	0	0	0	0	1	1	0
ITGB2	0	0	0	1	0	0	0	1	0	0	0	0	0	1	0	1	1	0	0	0	0	0	1	0	0
JAKMIP2	0	1	0	1	0	1	0	0	0	0	1	0	0	0	0	0	1	0	0	0	0	1	1	1	1
ITGB5	0	1	0	1	0	0	0	1	1	1	0	1	1	0	0	0	1	1	0	0	1	0	1	1	0
AKR1C1	0	1	0	0	0	0	1	1	1	0	1	1	0	1	0	1	0	0	0	0	1	0	1	1	1
AKR1C2	0	1	0	0	0	0	1	1	1	0	1	1	0	1	0	1	0	0	0	0	1	0	1	1	1
GALNT18	0	0	0	1	0	0	1	1	1	0	1	0	0	1	0	0	0	0	0	0	0	0	1	1	1
BMAL2	0	0	0	1	0	0	1	1	1	0	0	0	0	0	0	0	0	0	0	0	0	0	1	0	1
LAPTM5	0	1	0	0	0	0	0	1	1	0	0	1	0	1	0	0	0	0	0	0	0	0	1	1	0
PPP1R26	0	1	0	1	0	1	0	0	1	0	0	0	0	1	0	0	0	0	0	0	0	0	1	1	1
TBC1D10C	0	0	0	1	0	0	0	1	1	0	0	0	1	0	0	0	0	0	0	0	1	0	1	1	1
JUN	0	1	0	0	0	1	0	1	1	0	0	1	0	1	0	0	0	0	0	0	0	0	1	1	0
FAM20C	0	0	0	0	0	0	0	0	0	0	0	0	0	0	0	0	0	0	0	0	0	0	0	0	0
JUP	0	0	0	0	0	0	0	0	0	0	0	0	0	0	0	0	0	0	0	0	0	0	1	0	1
RHBDL2	0	1	0	0	0	0	0	1	1	0	0	1	0	1	0	0	0	0	0	0	0	0	0	1	0
DUSP23	0	0	0	1	1	1	0	1	1	1	1	0	1	1	0	0	0	0	1	0	1	1	1	1	0
GSDME	0	0	0	0	0	0	0	1	0	0	0	0	1	1	1	0	1	0	0	0	1	0	0	1	1
PTPRC	0	0	0	1	0	1	1	1	1	1	1	1	1	1	0	0	0	0	1	0	0	1	1	1	1
PXDN	0	1	0	0	0	0	1	0	1	0	0	0	0	1	0	0	0	0	0	0	0	0	1	0	1
PTPRF	0	1	0	0	0	0	0	1	1	0	0	1	0	1	0	0	0	0	0	0	0	0	1	1	0
KIF15	0	0	0	1	0	0	1	1	1	0	0	1	1	0	1	0	0	0	0	0	1	0	1	1	0
PTPRK	0	0	0	0	0	0	0	1	0	0	0	0	1	1	0	0	1	0	0	0	1	1	1	1	1
SACS	0	0	0	1	0	1	1	0	1	0	0	1	0	0	0	0	0	0	0	0	0	0	1	1	1
CXCR4	0	1	0	0	0	0	0	1	0	0	0	0	0	0	0	0	0	0	0	0	0	0	1	1	0
HEBP1	0	0	0	1	0	0	0	1	1	0	0	0	1	0	0	0	0	0	0	0	0	0	1	0	1
SCG2	0	1	0	0	0	0	0	1	0	0	0	1	0	0	1	0	0	0	0	0	0	0	1	0	0
NECTIN2	0	1	0	0	0	1	0	1	0	0	0	0	1	1	1	0	0	0	0	0	0	0	1	1	0
KCNJ15	0	0	0	1	0	0	0	0	0	0	0	0	0	1	0	1	1	0	0	0	0	0	1	0	0
NQO1	0	0	0	1	0	0	1	1	1	1	0	1	1	0	0	0	0	0	1	0	0	1	1	0	1
PYGL	0	0	0	1	0	0	1	1	1	0	0	0	0	0	1	0	0	0	0	0	1	0	1	0	0
TESC	0	0	0	1	0	0	1	1	0	0	0	0	0	0	0	0	0	0	0	0	1	0	1	0	1
RAB39B	0	0	0	0	0	0	0	0	0	0	0	0	0	0	0	0	0	0	0	0	0	0	0	0	0
RNF128	0	0	0	0	0	0	0	0	0	0	0	0	0	0	0	0	0	0	0	0	0	0	0	0	0
RAB13	0	0	0	1	1	1	0	1	1	1	1	0	1	1	0	0	0	0	1	0	1	1	1	1	0
RAC2	0	0	0	0	0	0	0	0	0	0	0	0	0	0	0	0	0	0	0	0	0	0	0	0	0
MOCOS	0	0	0	1	0	0	1	0	0	0	0	0	0	1	0	0	0	0	0	0	0	0	1	0	0
FERMT3	0	0	0	1	0	0	0	1	0	0	0	0	0	0	0	0	0	0	0	0	0	0	1	1	1
FGFBP1	0	1	0	0	0	0	0	1	1	0	1	1	0	1	0	0	0	0	0	0	1	0	1	1	1
AMIGO2	0	0	0	1	0	0	0	1	0	0	0	0	0	0	0	0	0	0	0	0	0	0	1	0	1
DOCK2	0	0	0	1	0	1	0	0	1	0	1	0	0	0	0	0	1	0	0	0	0	1	1	1	1
RNASEH2B	0	0	0	1	0	1	1	0	0	0	0	1	0	0	0	0	1	0	0	0	1	0	1	1	1
RAG1	0	0	0	1	0	0	0	1	1	0	0	0	0	1	0	0	0	0	0	0	0	0	1	1	1
KRT5	0	0	0	1	0	0	0	1	0	0	0	0	0	0	0	0	0	0	0	0	0	0	1	0	1
KRT6A	0	0	0	1	0	0	0	1	0	0	0	0	0	0	0	0	0	0	0	0	0	0	1	0	1
KRT6B	0	0	0	1	0	0	0	1	0	0	0	0	0	0	0	0	0	0	0	0	0	0	1	0	1
KRT7	0	0	0	1	0	0	0	1	0	0	0	0	0	0	0	0	0	0	0	0	0	0	1	0	1
KRT8	0	0	0	1	0	0	0	1	0	0	0	0	0	0	0	0	0	0	0	0	0	0	1	0	1
KRT13	0	0	0	0	0	0	0	0	0	0	0	0	0	0	0	0	0	0	0	0	0	0	1	0	1
KRT14	0	0	0	0	0	0	0	0	0	0	0	0	0	0	0	0	0	0	0	0	0	0	1	0	1
RAB25	0	0	0	1	1	1	0	1	1	1	1	0	1	1	0	0	0	0	1	0	1	1	1	1	0
KRT15	0	0	0	0	0	0	0	0	0	0	0	0	0	0	0	0	0	0	0	0	0	0	1	0	1
KRT17	0	0	0	0	0	0	0	0	0	0	0	0	0	0	0	0	0	0	0	0	0	0	1	0	1
DSC2	0	0	0	1	0	0	1	0	1	0	0	0	0	1	0	0	0	0	0	0	0	0	1	0	0
PLAAT4	0	0	0	1	0	0	0	1	0	0	0	0	0	0	0	0	0	0	0	0	0	0	1	1	1
KRT18	0	0	0	1	0	0	0	1	0	0	0	0	0	0	0	0	0	0	0	0	0	0	1	0	1
TMEM45A	0	1	0	1	0	0	0	1	1	0	0	1	1	0	0	0	0	0	0	0	1	0	1	1	0
DSG2	0	0	0	1	0	0	1	1	1	0	0	0	0	1	0	0	0	0	0	0	0	0	1	0	0
DSG3	0	0	0	1	0	0	1	1	1	0	0	0	0	1	0	0	0	0	0	0	0	0	1	0	0
UACA	0	1	0	1	0	0	0	1	0	0	0	1	0	0	0	0	0	0	0	0	0	0	1	0	1
DSPP	0	0	0	1	0	0	0	1	1	0	1	0	1	1	1	1	0	0	0	0	0	0	1	0	1
KRT19	0	0	0	0	0	0	0	0	0	0	0	0	0	0	0	0	0	0	0	0	0	0	1	0	1
DOCK8	0	0	0	0	0	0	0	0	0	0	0	0	0	0	0	0	0	0	0	0	0	0	0	0	0
ARHGEF5	0	0	0	0	0	0	1	1	1	0	0	0	1	1	1	1	0	0	0	0	1	0	1	1	1
DTX1	0	0	0	1	0	0	0	1	0	0	0	0	0	0	0	0	0	0	0	0	1	0	1	0	1
TMEM51	0	1	0	0	0	0	1	1	1	0	0	1	0	0	0	0	0	0	0	0	1	0	1	1	0
DUSP4	0	1	0	1	1	1	1	1	1	0	1	1	1	1	0	0	0	0	0	0	1	0	1	1	1
TUSC3	0	1	0	1	1	1	1	1	1	0	1	1	0	1	0	0	1	0	0	0	1	0	1	1	1
DUSP5	0	1	0	0	0	0	1	1	0	0	0	1	1	1	0	0	0	0	0	0	1	0	1	1	1
TOM1L1	0	0	0	0	0	0	0	0	0	0	0	1	1	1	0	0	0	0	0	0	0	0	1	1	1
LDAF1	0	0	0	1	0	1	0	1	1	0	0	0	1	0	0	0	0	0	1	0	0	1	1	0	0
SH2D3C	0	1	0	1	0	1	0	1	1	0	1	0	0	1	0	0	0	0	0	0	0	0	1	1	1
LAMA3	0	0	0	1	0	0	1	1	1	0	0	0	0	1	0	0	0	0	0	0	0	0	1	0	0
AP1M2	0	0	0	1	0	1	0	1	1	0	0	0	0	1	0	0	0	0	0	0	0	0	1	1	0
LAMB2	0	0	0	1	0	0	1	1	1	0	0	1	1	0	1	0	0	0	0	0	1	0	1	0	0
LAMB3	0	0	0	1	0	1	1	1	1	1	1	1	1	1	0	0	0	0	1	0	0	1	1	1	1
LAMC1	0	0	0	1	0	1	1	0	1	1	1	1	1	1	0	0	0	0	1	0	1	1	1	1	0
LAMC2	0	0	0	1	0	1	1	0	1	1	1	1	1	1	0	0	0	0	1	0	1	1	1	1	0
E2F2	0	1	0	0	0	0	0	1	0	0	0	1	0	1	0	0	0	0	0	0	0	0	1	1	0
ZNF101	0	0	0	1	0	1	0	1	1	0	0	0	1	0	0	0	0	0	0	0	0	0	1	0	1
LCK	0	1	0	0	0	0	0	1	1	0	0	1	0	1	0	0	0	0	0	0	0	0	1	1	0
ATP9A	0	1	0	1	1	1	1	1	1	0	0	1	1	1	0	0	0	0	0	0	0	0	0	1	0
LCP1	0	0	0	1	0	1	1	1	0	0	0	1	0	0	0	0	0	0	0	0	1	0	1	1	1
NUPR1	0	0	0	1	0	1	0	1	1	0	0	0	1	0	0	0	0	0	1	0	0	1	1	0	1
VPS37B	0	0	0	1	0	0	1	1	0	0	0	0	0	0	0	0	0	0	0	0	1	0	1	0	1
LDHB	0	0	0	1	0	0	1	1	0	0	0	0	1	0	0	0	0	0	0	0	0	0	1	0	1
EDN1	0	1	0	1	0	0	0	1	1	0	1	0	1	1	1	1	0	0	0	0	0	0	1	0	1
LGALS1	0	0	0	0	0	0	0	0	0	0	0	0	0	0	0	0	0	0	0	0	0	0	0	0	0
RGS16	0	0	0	1	0	1	1	0	1	1	1	1	1	1	0	0	0	0	1	0	1	1	1	1	0
LGALS3	0	0	0	1	0	0	1	1	1	0	0	0	0	0	1	0	0	0	0	0	1	0	1	0	0
LGALS3BP	0	0	0	0	0	0	0	0	1	0	0	1	1	0	0	0	0	0	0	0	1	0	1	1	1
FOSL1	0	0	0	1	0	0	0	1	0	0	0	0	0	0	0	0	0	0	0	0	0	0	1	0	1
PLEK2	0	0	0	1	0	0	1	1	1	0	0	1	0	0	1	0	0	0	0	0	1	0	1	0	0
MYOF	0	1	0	0	0	0	0	1	0	0	0	1	1	1	0	0	0	0	0	0	1	0	1	1	1
NTN4	0	0	0	1	0	0	0	1	0	0	0	0	0	0	0	0	0	0	0	0	1	0	1	0	1
OPTN	0	1	0	0	0	0	1	1	1	0	1	0	0	1	0	1	0	0	0	0	0	0	1	1	1
EFNA1	0	0	0	1	1	1	0	1	1	1	1	0	1	1	0	0	0	0	1	0	1	1	1	1	0
LLGL2	0	0	0	0	0	0	0	0	1	0	0	1	1	0	0	0	0	0	0	0	1	0	1	1	1
RAB34	0	0	0	0	0	0	0	0	0	0	1	0	0	1	0	0	0	0	0	0	1	0	1	0	1
LMNA	0	0	0	1	1	1	0	1	1	1	1	0	1	1	0	0	0	0	1	0	1	1	1	1	0
FRMD6	0	0	0	1	0	0	1	1	1	0	0	0	0	0	1	0	0	0	0	0	1	0	1	0	0
MICALL2	0	0	0	0	0	0	0	1	1	0	0	0	1	1	1	0	1	0	0	0	1	0	1	0	1
EGFR	0	0	0	0	0	0	0	1	1	0	1	0	1	1	0	0	0	0	0	0	0	0	0	1	1
LMO2	0	0	0	1	0	0	0	1	1	0	0	0	0	1	0	0	0	0	0	0	0	0	1	1	1
EGR1	0	1	0	1	0	1	0	1	0	0	1	0	0	1	0	0	1	0	0	0	0	1	1	1	1
CDCA7	0	1	0	0	0	0	0	1	0	0	0	0	0	0	0	0	0	0	0	0	1	0	1	0	0
LACTB2	0	1	0	1	1	1	1	1	1	0	1	1	1	1	0	1	0	0	0	0	1	0	1	1	1
LOX	0	1	0	1	0	1	0	1	1	0	1	1	0	1	0	0	1	0	0	0	0	1	1	1	1
EPHA2	0	1	0	0	0	0	1	1	1	0	0	1	0	0	0	0	0	0	0	0	1	0	1	1	0
KRTCAP3	0	1	0	0	0	0	1	0	1	0	0	0	0	1	0	0	0	0	0	0	0	0	1	0	1
KCTD3	0	0	0	1	0	1	1	1	1	1	1	1	1	1	0	0	0	0	1	0	0	1	1	1	1
IRAG2	0	0	0	1	0	0	1	1	1	0	0	0	1	0	0	0	0	0	0	0	0	0	1	0	1
PLEKHA1	0	0	0	0	1	0	1	1	0	0	0	1	1	1	1	0	0	0	0	0	1	0	1	1	1
ELF3	0	0	0	1	0	1	1	1	1	1	1	1	1	1	0	0	0	0	1	0	0	1	1	1	1
LTBP2	0	0	0	1	0	0	0	1	0	0	0	1	0	0	1	0	0	0	0	0	1	0	1	1	0
LTBR	0	0	0	1	0	0	0	1	1	0	0	0	1	0	0	0	0	0	0	0	1	0	1	0	1
SVIP	0	0	0	1	0	0	0	1	0	0	0	0	0	1	0	0	0	0	0	0	0	0	1	1	1
EMP1	0	0	0	1	0	0	0	1	1	0	0	0	1	0	0	0	0	0	0	0	0	0	1	0	1
MPZL2	0	0	0	1	0	1	1	1	1	0	0	1	1	0	0	0	0	0	0	0	1	0	1	1	1
EMP2	0	0	0	1	0	1	0	1	1	0	0	1	1	0	0	0	0	0	1	0	0	1	1	0	0
LUM	0	0	0	1	0	0	0	1	1	0	0	0	0	0	0	0	0	0	0	0	1	0	1	0	1
CTTN	0	0	0	1	0	0	0	1	1	0	0	0	1	0	0	0	0	0	0	0	1	0	1	1	1
LYL1	0	0	0	1	0	1	0	1	1	0	0	0	0	1	0	0	0	0	0	0	0	0	1	0	0
LY75	0	1	0	0	0	0	0	1	0	0	0	0	0	0	0	0	0	0	0	0	1	0	1	0	0
TACSTD2	0	1	0	0	0	1	0	1	1	0	0	1	0	1	0	0	0	0	0	0	0	0	1	1	0
TM4SF1	0	1	0	1	0	0	0	1	1	0	1	1	1	0	0	0	1	0	0	0	1	0	1	1	1
EPCAM	0	1	0	0	0	0	0	0	1	0	0	0	0	1	0	0	0	0	0	0	0	0	1	0	1
CTDSPL	0	0	0	1	0	0	0	1	0	0	0	1	1	0	1	0	0	0	0	0	1	0	1	0	0
LEF1	0	0	0	0	0	0	1	1	0	0	1	0	0	0	0	0	0	0	0	0	1	0	1	0	1
TCEAL9	0	0	0	0	0	0	0	0	0	0	0	0	0	0	0	0	0	0	0	0	0	0	0	0	0
MARCKS	0	0	0	0	0	0	0	1	0	0	0	0	1	1	0	0	1	0	0	0	0	1	1	1	1
PHLDB2	0	1	0	1	0	0	0	0	1	0	0	1	1	0	0	0	1	0	0	0	1	0	1	1	0
TMEM40	0	0	0	1	0	0	0	1	1	0	0	0	1	0	1	1	0	0	0	0	1	0	1	1	0
SLC44A3	0	1	0	0	0	1	0	1	1	0	0	0	0	1	0	0	0	0	0	0	1	0	1	1	0
